
article
ID		NAME		PUBLISHED_ON		CREATED_ON		CAT_ID		
-------------------------------------------------
1		nameone		1995-01-01		1995-01-02		1
2		nametwo		2000-01-01		2000-01-02		2
category
ID		DATE_CREATED_ON		PRIORITY		USER_ID		
-------------------------------------------------
1		2001-01-01		15		1
2		2001-01-02		65		2
users
ID		NAME		CREATED_ON		PASSWORD		
-------------------------------------------------
1		userone		2002-01-01		passwordone
2		nametwo		2002-01-02		passwordtwo
tag
ID		NAME		PRIORITY		ART_ID		
-------------------------------------------------
1		tagone		21		1
2		tagtwo		37		2