-- MySQL dump 10.13  Distrib 5.5.29, for debian-linux-gnu (x86_64)
--
-- Host: localhost    Database: compeition_subd
-- ------------------------------------------------------
-- Server version	5.5.29-0ubuntu0.12.04.2

/*!40101 SET @OLD_CHARACTER_SET_CLIENT=@@CHARACTER_SET_CLIENT */;
/*!40101 SET @OLD_CHARACTER_SET_RESULTS=@@CHARACTER_SET_RESULTS */;
/*!40101 SET @OLD_COLLATION_CONNECTION=@@COLLATION_CONNECTION */;
/*!40101 SET NAMES utf8 */;
/*!40103 SET @OLD_TIME_ZONE=@@TIME_ZONE */;
/*!40103 SET TIME_ZONE='+00:00' */;
/*!40014 SET @OLD_UNIQUE_CHECKS=@@UNIQUE_CHECKS, UNIQUE_CHECKS=0 */;
/*!40014 SET @OLD_FOREIGN_KEY_CHECKS=@@FOREIGN_KEY_CHECKS, FOREIGN_KEY_CHECKS=0 */;
/*!40101 SET @OLD_SQL_MODE=@@SQL_MODE, SQL_MODE='NO_AUTO_VALUE_ON_ZERO' */;
/*!40111 SET @OLD_SQL_NOTES=@@SQL_NOTES, SQL_NOTES=0 */;

--
-- Current Database: `compeition_subd`
--

CREATE DATABASE /*!32312 IF NOT EXISTS*/ `compeition_subd` /*!40100 DEFAULT CHARACTER SET utf8 COLLATE utf8_unicode_ci */;

USE `compeition_subd`;

--
-- Table structure for table `competitions`
--

DROP TABLE IF EXISTS `competitions`;
/*!40101 SET @saved_cs_client     = @@character_set_client */;
/*!40101 SET character_set_client = utf8 */;
CREATE TABLE `competitions` (
  `id` int(11) NOT NULL AUTO_INCREMENT,
  `date` datetime DEFAULT NULL,
  `place` varchar(255) COLLATE utf8_unicode_ci DEFAULT NULL,
  `budget` float DEFAULT NULL,
  `created_at` datetime NOT NULL,
  `updated_at` datetime NOT NULL,
  PRIMARY KEY (`id`)
) ENGINE=InnoDB AUTO_INCREMENT=11 DEFAULT CHARSET=utf8 COLLATE=utf8_unicode_ci;
/*!40101 SET character_set_client = @saved_cs_client */;

--
-- Dumping data for table `competitions`
--

LOCK TABLES `competitions` WRITE;
/*!40000 ALTER TABLE `competitions` DISABLE KEYS */;
INSERT INTO `competitions` VALUES (1,'2013-04-11 21:18:48','city1b',89067,'2013-04-11 21:18:49','2013-04-11 21:18:49'),(2,'2013-04-11 21:18:49','cityb9',53459,'2013-04-11 21:18:49','2013-04-11 21:18:49'),(3,'2013-04-11 21:18:49','city31',21265,'2013-04-11 21:18:49','2013-04-11 21:18:49'),(4,'2013-04-11 21:18:49','cityfb',28416,'2013-04-11 21:18:49','2013-04-11 21:18:49'),(5,'2013-04-11 21:18:49','city9d',33763,'2013-04-11 21:18:49','2013-04-11 21:18:49'),(6,'2013-04-11 21:18:49','city12',87984,'2013-04-11 21:18:49','2013-04-11 21:18:49'),(7,'2013-04-11 21:18:49','city26',5619,'2013-04-11 21:18:49','2013-04-11 21:18:49'),(8,'2013-04-11 21:18:49','cityf2',33754,'2013-04-11 21:18:49','2013-04-11 21:18:49'),(9,'2013-04-11 21:18:49','citybf',30182,'2013-04-11 21:18:49','2013-04-11 21:18:49'),(10,'2013-04-11 21:18:49','city48',56372,'2013-04-11 21:18:49','2013-04-11 21:18:49');
/*!40000 ALTER TABLE `competitions` ENABLE KEYS */;
UNLOCK TABLES;

--
-- Table structure for table `competitions_judges`
--

DROP TABLE IF EXISTS `competitions_judges`;
/*!40101 SET @saved_cs_client     = @@character_set_client */;
/*!40101 SET character_set_client = utf8 */;
CREATE TABLE `competitions_judges` (
  `competition_id` int(11) DEFAULT NULL,
  `judge_id` int(11) DEFAULT NULL
) ENGINE=InnoDB DEFAULT CHARSET=utf8 COLLATE=utf8_unicode_ci;
/*!40101 SET character_set_client = @saved_cs_client */;

--
-- Dumping data for table `competitions_judges`
--

LOCK TABLES `competitions_judges` WRITE;
/*!40000 ALTER TABLE `competitions_judges` DISABLE KEYS */;
INSERT INTO `competitions_judges` VALUES (1,41),(1,16),(1,20),(1,21),(1,26),(2,58),(2,44),(2,56),(2,57),(2,1),(2,4),(2,8),(3,18),(3,4),(3,37),(3,62),(3,45),(3,12),(3,48),(3,60),(3,57),(3,31),(3,18),(3,64),(3,49),(3,17),(4,13),(4,16),(4,56),(4,44),(4,15),(4,39),(5,21),(5,19),(5,5),(5,1),(5,59),(5,47),(6,48),(6,59),(6,6),(6,20),(6,56),(6,3),(6,47),(6,51),(6,8),(6,58),(6,26),(6,58),(6,27),(6,48),(7,50),(7,5),(7,20),(7,49),(7,35),(7,32),(7,20),(7,26),(7,13),(7,40),(8,34),(8,21),(8,64),(8,17),(8,45),(8,29),(8,5),(8,33),(8,10),(8,43),(8,29),(8,10),(8,18),(9,60),(9,41),(9,43),(9,29),(9,14),(9,10),(9,5),(10,55),(10,25),(10,17),(10,4),(10,8),(10,13),(10,17),(10,35),(10,57),(10,49),(10,29),(10,46);
/*!40000 ALTER TABLE `competitions_judges` ENABLE KEYS */;
UNLOCK TABLES;

--
-- Table structure for table `competitions_sponsors`
--

DROP TABLE IF EXISTS `competitions_sponsors`;
/*!40101 SET @saved_cs_client     = @@character_set_client */;
/*!40101 SET character_set_client = utf8 */;
CREATE TABLE `competitions_sponsors` (
  `competition_id` int(11) DEFAULT NULL,
  `sponsor_id` int(11) DEFAULT NULL
) ENGINE=InnoDB DEFAULT CHARSET=utf8 COLLATE=utf8_unicode_ci;
/*!40101 SET character_set_client = @saved_cs_client */;

--
-- Dumping data for table `competitions_sponsors`
--

LOCK TABLES `competitions_sponsors` WRITE;
/*!40000 ALTER TABLE `competitions_sponsors` DISABLE KEYS */;
INSERT INTO `competitions_sponsors` VALUES (1,1),(5,1),(8,1),(5,1),(3,1),(6,1),(6,1),(7,1),(9,1),(7,1),(2,4),(1,4),(9,4),(2,5),(6,5),(2,5),(1,5),(9,5),(9,5),(9,5),(10,5),(10,5),(9,5),(8,5),(3,5),(7,5),(9,5),(7,5),(2,6),(9,6),(4,6),(4,6),(3,6),(8,6),(3,6),(6,7),(3,8),(4,9),(2,9),(2,9),(6,9),(8,9),(6,9),(6,9),(7,9),(2,9),(10,9),(8,10),(8,10),(1,10),(8,10),(4,10),(8,10),(3,10),(2,10),(8,10),(6,10),(7,10),(10,10),(8,10),(8,10),(9,10);
/*!40000 ALTER TABLE `competitions_sponsors` ENABLE KEYS */;
UNLOCK TABLES;

--
-- Table structure for table `competitions_teams`
--

DROP TABLE IF EXISTS `competitions_teams`;
/*!40101 SET @saved_cs_client     = @@character_set_client */;
/*!40101 SET character_set_client = utf8 */;
CREATE TABLE `competitions_teams` (
  `competition_id` int(11) DEFAULT NULL,
  `team_id` int(11) DEFAULT NULL
) ENGINE=InnoDB DEFAULT CHARSET=utf8 COLLATE=utf8_unicode_ci;
/*!40101 SET character_set_client = @saved_cs_client */;

--
-- Dumping data for table `competitions_teams`
--

LOCK TABLES `competitions_teams` WRITE;
/*!40000 ALTER TABLE `competitions_teams` DISABLE KEYS */;
INSERT INTO `competitions_teams` VALUES (9,1),(1,1),(10,1),(9,1),(10,1),(8,2),(6,2),(9,2),(3,2),(7,2),(2,2),(10,2),(5,2),(2,2),(3,2),(2,2),(4,2),(8,2),(10,4),(9,4),(4,4),(8,4),(7,4),(5,4),(4,4),(10,4),(4,4),(9,4),(2,4),(8,4),(8,4),(1,4),(10,5),(3,5),(5,5),(10,5),(7,5),(3,5),(9,5),(9,5),(10,5),(5,5),(10,5),(3,5),(5,5),(6,5),(1,5),(3,5),(6,5),(6,5),(10,5),(7,5),(9,5),(4,5),(7,5),(6,5),(6,5),(9,5),(7,5),(6,5),(6,5),(2,6),(10,6),(5,6),(10,6),(3,6),(10,6),(5,6),(7,6),(6,6),(10,7),(8,7),(1,7),(8,7),(3,8),(8,8),(8,8),(9,8),(7,8),(7,8),(5,8),(7,8),(5,8),(5,8),(7,8),(8,8),(4,9),(5,9),(4,9),(9,9),(5,9),(5,9),(4,9),(2,9),(8,9),(4,9),(10,9),(8,9),(5,9),(6,9),(5,9),(7,9),(10,9),(3,9),(2,9),(7,9),(5,9),(3,9),(10,9),(4,10),(7,10),(1,10),(9,10),(4,10),(7,10),(9,10),(6,10),(3,10),(8,10),(3,10),(3,10),(9,10),(4,10),(10,10),(3,10),(5,10),(5,10),(8,11),(1,11),(8,11),(6,11),(4,11),(5,11),(6,11),(2,11),(5,11),(9,11),(6,11),(6,11),(8,11),(1,11),(7,11),(1,11),(3,11),(4,12),(6,12),(6,12),(2,12),(7,12),(9,12),(4,12),(1,12),(7,12),(10,12),(3,12),(5,12),(2,12),(10,12),(7,13),(10,13),(2,13),(3,13),(4,13),(4,13),(2,13),(1,13),(7,13),(6,13),(9,13),(1,13),(5,13),(1,13),(4,13),(9,13),(4,13),(2,13),(6,13),(5,13),(7,14),(4,14),(9,14),(5,14),(9,14),(7,14),(5,14),(4,14),(1,14),(7,14),(6,15),(7,15),(1,15),(2,15),(4,15),(5,15),(10,15),(2,15),(3,15),(9,15),(6,15),(5,15),(8,15),(10,15),(10,16),(7,16),(4,16),(5,16),(3,16),(3,16),(3,16),(5,16),(8,16),(3,16),(8,16),(1,16),(5,16),(7,16),(2,16),(4,16),(5,16),(9,16),(4,16),(9,16),(8,16),(5,16),(2,17),(9,17),(9,17),(5,17),(2,17),(6,17),(9,17),(5,17),(7,17),(6,17),(6,18),(6,18),(5,18),(9,18),(9,18),(10,18),(5,18),(5,18),(4,18),(2,18),(6,18),(8,18),(8,18),(10,18),(9,18),(4,18),(5,18),(6,18),(5,18),(10,18),(2,18),(5,18),(8,18),(7,18),(3,18),(1,18),(3,18),(4,18),(5,19),(5,19),(10,19),(8,19),(8,19),(7,19),(6,19),(7,19),(3,19),(5,19),(8,19),(8,19),(5,19),(5,19),(3,19),(6,19),(2,19),(4,19),(10,19),(3,19),(1,19),(3,19),(5,19),(7,19),(1,19),(8,19),(6,19),(6,19),(4,20),(4,20),(2,20),(6,20),(8,20),(2,20),(10,20),(7,20),(8,20),(3,20),(5,20),(5,20),(7,20),(8,20),(6,20),(9,20),(8,20),(9,20),(8,20),(1,20),(2,20),(4,20),(10,20),(3,20),(7,20),(4,21),(1,21),(4,21),(6,21),(7,21),(5,21),(10,21),(7,21),(7,21),(1,21),(5,21),(10,21),(3,21),(5,21),(2,22),(10,22),(6,22),(6,22),(10,22),(10,22),(2,22),(7,22),(1,22),(4,22),(4,22),(2,22),(4,22),(3,22),(7,22),(10,22),(1,22),(7,22),(10,22),(3,23),(8,23),(8,23),(2,23),(4,23),(10,23),(7,23),(1,23),(9,23),(10,23),(5,23),(10,23),(3,23),(9,23),(2,23),(3,23),(9,23),(2,23),(9,23),(10,23),(4,23),(10,23),(1,23),(10,23),(8,23),(9,23),(7,23),(9,23),(10,23),(5,23),(5,23),(2,24),(7,24),(8,24),(3,24),(8,24),(9,24),(5,24),(10,24),(7,24),(9,24),(8,24),(9,24),(4,24),(7,24),(5,24),(2,24),(7,24),(10,24),(8,24),(4,24),(4,24),(2,24),(5,24),(9,25),(5,25),(10,25),(7,25),(9,25),(8,25),(3,25),(2,25),(7,25),(8,25),(7,25),(9,25),(3,25),(7,25),(4,25),(1,25),(8,25),(6,25),(1,25),(7,25),(9,25),(5,25),(2,25),(3,25),(4,25),(7,25),(7,25),(7,25),(6,25),(4,25),(4,25),(8,26),(8,26),(9,26),(9,26),(5,26),(1,26),(5,26),(6,26),(8,26),(5,26),(2,26),(6,26),(9,26),(7,26),(3,26),(4,26),(6,26),(10,26),(5,26),(5,26),(5,26),(6,26),(7,26),(4,26),(9,26),(8,26),(4,26),(5,26),(10,26),(9,26),(9,27),(7,27),(8,27),(2,27),(3,27),(9,27),(10,27),(4,27),(2,27),(2,27),(10,27),(9,27),(2,27),(9,28),(9,28),(7,28),(5,28),(9,28),(1,28),(2,28),(3,28),(6,28),(9,28),(7,28),(1,28),(4,28),(3,29),(8,29),(6,29),(7,29),(3,29),(6,29),(4,29),(9,29),(1,29),(5,29),(10,29),(5,29),(3,30),(6,30),(4,30),(2,30),(5,30),(1,30),(6,30),(7,30),(8,30),(6,30),(3,30),(4,30),(5,30),(6,30),(5,30),(8,30),(5,30),(1,30),(1,31),(6,31),(6,31),(9,31),(4,31),(2,31),(1,31),(2,31),(10,31),(1,31),(1,31),(10,31),(7,31),(9,31),(1,31),(2,31),(7,31),(4,31),(9,31),(6,31),(1,32),(10,32),(6,32),(3,32),(2,32),(3,32),(10,32),(2,32),(6,32),(4,32),(6,32),(6,32),(4,32),(10,32),(7,32),(2,32),(6,32),(7,32),(6,32),(7,33),(6,33),(9,33),(1,33),(1,33),(4,33),(9,33),(2,33),(5,33),(3,33),(6,33),(3,33),(5,33),(8,33),(6,33),(1,33),(4,33),(2,33),(5,33),(3,33),(9,33),(6,33),(9,34),(9,34),(2,34),(1,34),(7,34),(6,34),(5,34),(7,34),(7,34),(5,34),(3,34),(1,34),(2,34),(3,34),(3,34),(4,34),(4,34),(8,34),(2,35),(3,35),(8,35),(4,36),(10,36),(6,36),(2,36),(10,36),(7,36),(7,37),(1,37),(2,37),(8,38),(9,38),(6,38),(1,38),(9,38),(10,38),(5,38),(5,38),(10,38),(10,38),(9,38),(2,38),(9,38),(3,38),(3,38),(5,38),(2,39),(4,39),(10,39),(10,39),(9,39),(2,39),(3,39),(10,39),(7,39),(2,39),(6,39),(10,40),(6,40),(5,42),(4,42),(3,42),(9,42),(1,42),(4,42),(1,42),(7,43),(1,43),(1,43),(1,43),(1,43),(10,43),(4,44),(7,44),(2,44),(3,44),(8,44),(8,44),(2,44),(1,44),(5,44),(3,44),(8,44),(6,44),(9,44),(1,44),(6,44),(2,44),(1,44),(8,44),(1,44),(3,44),(4,44),(4,44),(2,44),(6,44),(1,44),(9,44),(6,44),(1,45),(10,45),(8,45),(6,45),(3,45),(4,45),(5,45),(10,45),(6,45),(5,45),(2,45),(4,45),(4,46),(5,46),(1,46),(4,46),(9,46),(9,46),(10,46),(9,46),(1,46),(4,46),(5,46),(6,46),(6,46),(2,46),(2,47),(10,47),(8,47),(6,47),(5,47),(9,47),(6,47),(9,47),(8,47),(2,47),(7,47),(6,47),(9,47),(6,47),(2,47),(3,47),(7,47),(2,47),(5,47),(3,47),(8,47),(9,47),(6,47),(4,48),(7,48),(1,48),(4,48),(7,48),(8,48),(1,48),(3,48),(9,48),(2,48),(7,48),(5,48),(4,48),(2,48),(5,48),(5,48),(8,48),(3,48),(4,48),(9,48),(2,48),(6,48),(4,49),(10,49),(4,49),(2,49),(2,49),(2,49),(3,49),(4,49),(3,49),(7,49),(1,49),(5,49),(1,49),(6,49),(10,49),(7,49),(2,49),(3,49),(9,49),(3,49),(8,49),(3,49),(4,49),(2,49),(6,49),(1,49),(7,49),(9,49),(3,50),(5,50),(4,50),(4,50),(1,50),(6,50),(10,50),(2,50),(7,50),(2,50),(5,50),(8,50),(8,50),(3,50),(6,50),(5,50),(9,50),(6,50),(3,50),(6,50),(2,50),(4,50),(6,50),(10,50),(6,50),(8,50),(7,50),(10,50),(2,50),(6,50),(6,50),(2,51),(4,51),(10,51),(3,51),(4,52),(9,52),(2,52),(8,52),(9,52),(7,52),(7,52),(7,52),(4,52),(3,52),(8,52),(9,52),(8,52),(2,52),(6,52),(1,52),(9,52),(3,52),(5,52),(3,52),(8,52),(10,52),(1,52),(9,53),(3,53),(3,53),(7,53),(2,53),(7,53),(3,53),(5,53),(9,53),(6,53),(3,53),(10,53),(4,53),(1,53),(5,53),(4,54),(4,54),(1,54),(8,54),(6,54),(2,54),(1,56),(5,56),(8,56),(4,56),(3,56),(1,56),(5,56),(8,56),(8,56),(7,56),(8,56),(7,56),(6,56),(9,56),(6,56),(2,56),(5,56),(5,56),(1,56),(3,56),(1,56),(3,56),(2,56),(10,56),(1,56),(10,56),(2,56),(10,56),(3,56),(5,56),(1,56),(4,57),(4,57),(7,57),(6,57),(6,57),(10,57),(9,57),(6,57),(9,57),(4,57),(1,57),(4,57),(9,57),(9,57),(4,57),(2,57),(8,57),(5,57),(3,57),(5,57),(1,57),(3,57),(8,57),(2,57),(1,57),(6,57),(5,57),(5,57),(10,57),(1,57),(10,57),(10,58),(7,58),(10,58),(8,58),(6,58),(1,58),(9,58),(6,58),(3,58),(9,58),(3,58),(6,58),(5,58),(1,58),(9,58),(6,58),(9,58),(10,58),(9,58),(5,58),(5,58),(9,58),(8,58),(9,59),(4,59),(4,59),(5,59),(8,59),(6,59),(8,59),(7,59),(6,59),(3,59),(9,59),(3,59),(6,59),(5,59),(7,60),(7,60),(4,60),(6,60),(6,60),(4,60),(10,60),(9,60),(3,60),(7,60),(4,60),(9,60),(4,60),(4,60),(6,61),(9,61),(8,61),(1,61),(7,61),(6,61),(8,61),(3,61),(7,61),(8,61),(2,61),(3,61),(7,61),(6,61),(4,61),(9,61),(8,61),(9,61),(7,61),(3,61),(9,61),(4,61),(2,61),(3,61),(3,61),(3,61),(10,61),(1,61),(5,61),(1,61),(10,61),(9,62),(4,62),(8,62),(5,62),(9,62),(10,62),(9,62),(3,62),(10,62),(5,62),(1,62),(2,62),(10,63),(2,63),(6,63),(7,63),(7,63),(1,64),(5,64),(9,64),(10,64),(2,64),(6,64),(9,64),(4,64),(4,64),(2,64),(9,64),(4,64),(4,64),(2,64),(8,65),(8,65),(8,65),(5,65),(5,65),(1,65),(6,65),(9,65),(7,65),(10,65),(5,65),(1,65),(9,65),(4,65),(9,65),(5,66),(10,66),(3,66),(5,66),(8,66),(8,66),(4,66),(6,66),(10,66),(2,66),(4,66),(2,66),(6,66),(5,66),(9,66),(4,66),(9,66),(1,66),(8,66),(10,66),(1,66),(4,66),(1,66),(6,66),(2,66),(2,66),(2,66),(6,66),(1,66),(1,67),(5,68),(4,68),(2,68),(7,68),(2,68),(8,68),(5,68),(5,68),(9,68),(10,68),(6,68),(7,68),(1,68),(4,68),(3,68),(6,68),(10,68),(3,68),(3,68),(3,68),(8,68),(4,68),(4,68),(1,69),(2,69),(6,70),(5,70),(6,70),(5,70),(9,70),(4,70),(6,70),(7,70),(3,70),(9,70),(5,70),(8,70),(7,70),(3,71),(5,71),(2,71),(5,71),(4,71),(7,71),(3,71),(2,71),(4,71),(3,71),(6,71),(6,71),(7,71),(6,71),(6,71),(3,71),(1,71),(10,71),(2,71),(1,71),(8,71),(8,71),(7,71),(8,71),(5,71),(7,71),(8,71),(7,71),(1,71),(3,72),(4,72),(4,72),(1,72),(10,72),(9,72),(10,72),(9,72),(5,72),(1,72),(8,72),(7,72),(6,72),(3,72),(10,72),(4,72),(7,72),(9,72),(8,72),(7,72),(8,72),(3,72),(6,72),(1,72),(6,72),(7,72),(10,72),(2,72),(6,72),(5,72),(9,73),(10,73),(5,73),(2,73),(5,73),(7,73),(4,73),(10,73),(3,73),(5,73),(1,73),(9,73),(4,73),(10,73),(4,73),(10,73),(8,73),(9,74),(2,74),(3,74),(7,74),(4,74),(5,74),(5,74),(4,74),(9,74),(1,74),(10,74),(1,74),(8,74),(1,74),(9,74),(10,74),(3,74),(9,74),(3,74),(2,74),(9,75),(3,75),(3,75),(6,75),(2,75),(4,75),(10,75),(1,75),(9,75),(5,75),(6,75),(7,75),(6,75),(7,75),(2,75),(6,75),(2,75),(2,75),(10,75),(8,75),(9,75),(4,75),(2,75),(9,75),(1,75),(6,76),(4,76),(10,76),(1,77),(8,77),(6,78),(6,78),(7,78),(5,78),(9,78),(7,78),(8,78),(1,78),(7,78),(3,78),(9,78),(4,79),(5,79),(5,79),(7,79),(10,79),(3,79),(1,79),(3,79),(2,79),(6,79),(8,79),(9,79),(1,79),(8,79),(10,79),(4,79),(10,79),(1,79),(7,79),(10,79),(7,79),(5,79),(6,79),(7,79),(10,80),(4,80),(3,80),(8,80),(7,80),(8,80),(7,80),(1,80),(2,80),(9,80),(7,80),(6,80),(5,80),(10,80),(3,80),(3,80),(10,80),(5,80),(10,80),(9,80),(8,80),(9,80),(5,81),(5,81),(4,81),(2,81),(1,81),(10,81),(6,81),(5,81),(3,81),(7,81),(5,82),(2,82),(6,82),(7,82),(10,82),(7,82),(9,82),(5,82),(4,83),(5,83),(7,83),(1,83),(2,83),(6,83),(8,83),(2,83),(6,83),(2,83),(10,83),(2,83),(1,83),(6,83),(2,83),(2,83),(6,83),(2,83),(9,83),(2,83),(9,84),(9,84),(1,84),(10,84),(4,84),(1,84),(10,84),(8,84),(9,84),(5,84),(6,85),(3,85),(9,85),(3,85),(6,85),(1,85),(1,85),(10,85),(8,85),(5,85),(8,85),(3,85),(3,85),(3,85),(5,85),(2,85),(6,86),(8,86),(6,86),(7,86),(2,86),(2,86),(10,86),(2,86),(2,86),(8,86),(1,86),(5,86),(7,87),(6,87),(4,87),(3,87),(5,87),(6,87),(7,87),(5,87),(10,87),(9,87),(2,87),(9,87),(7,87),(2,87),(9,87),(8,87),(8,87),(8,87),(10,87),(5,87),(7,87),(5,87),(2,87),(9,88),(3,88),(5,88),(7,88),(8,88),(7,88),(6,88),(2,88),(8,88),(9,88),(3,88),(6,88),(4,88),(7,88),(7,88),(3,88),(1,88),(9,88),(2,88),(8,88),(10,88),(8,88),(5,88),(4,89),(4,89),(3,89),(7,89),(10,89),(10,89),(7,89),(3,89),(5,89),(7,89),(5,89),(9,89),(6,89),(10,89),(2,89),(2,90),(10,90),(10,90),(10,90),(6,90),(2,90),(2,90),(1,91),(9,91),(1,91),(6,91),(6,91),(3,91),(10,91),(9,91),(2,91),(3,91),(10,91),(2,91),(2,91),(7,92),(6,92),(9,92),(4,92),(1,92),(10,92),(3,92),(1,92),(4,92),(7,92),(9,92),(3,92),(3,92),(2,92),(8,92),(3,92),(1,92),(5,92),(8,92),(3,92),(2,92),(1,93),(5,93),(5,93),(10,93),(9,93),(4,93),(10,93),(8,93),(2,93),(2,93),(2,93),(8,93),(8,93),(10,93),(7,93),(10,93),(8,93),(1,93),(1,93),(3,93),(10,94),(3,94),(3,94),(9,94),(2,94),(1,94),(10,94),(1,94),(3,94),(5,94),(1,94),(7,94),(4,94),(3,94),(7,94),(3,94),(8,94),(4,94),(7,94),(2,94),(5,94),(4,94),(2,94),(5,94),(4,94),(9,94),(6,94),(3,95),(8,95),(10,95),(5,95),(5,95),(7,95),(7,95),(4,95),(5,95),(1,95),(5,95),(5,95),(2,95),(6,96),(4,96),(3,96),(2,96),(8,96),(7,96),(6,96),(6,96),(9,96),(4,96),(9,96),(1,96),(10,96),(5,96),(4,96),(10,96),(10,96),(3,96),(2,96),(2,97),(7,97),(3,97),(7,97),(7,97),(7,97),(2,97),(8,97),(7,97),(8,97),(7,97),(8,97),(8,97),(10,97),(2,97),(5,97),(6,97),(9,97),(7,97),(7,97),(1,97),(9,98),(1,98),(3,98),(3,98),(3,98),(4,98),(3,98),(1,98),(5,98),(7,98),(1,98),(3,98),(10,98),(1,98),(6,98),(7,98),(3,98),(10,98),(9,98),(1,98),(5,98),(9,98),(1,98),(4,98),(7,98),(8,99),(3,99),(9,99),(3,99),(2,99),(5,99),(5,99),(6,99),(9,99),(5,99),(4,99),(5,100),(1,100),(3,100),(4,100),(10,100),(4,100),(2,100),(6,100),(6,100),(7,100),(6,100),(10,100),(6,100),(1,100),(9,100),(5,100),(4,100),(9,100),(1,100),(8,101),(3,101),(4,101),(9,101),(3,101),(10,101),(6,101),(2,101),(4,101),(2,101),(3,101),(2,101),(6,101),(5,101),(10,101),(10,102),(8,102),(1,102),(6,102),(2,103),(2,103),(3,103),(4,103),(4,103),(3,103),(8,103),(8,103),(5,103),(5,103),(9,103),(1,103),(6,103),(4,103),(2,103),(7,103),(10,103),(1,103),(9,103),(7,103),(8,103),(4,103),(1,103),(5,103),(2,103),(5,103),(10,103),(7,103),(9,103),(10,104),(7,104),(7,104),(6,104),(8,104),(10,104),(2,104),(9,104),(4,104),(5,104),(9,104),(3,104),(4,104),(5,104),(4,104),(4,104),(8,104),(2,104),(5,104),(2,104),(5,104),(9,104),(5,104),(7,104),(9,104),(8,104),(6,104),(5,104),(3,105),(9,105),(8,105),(8,105),(7,105),(10,105),(10,105),(1,105),(4,105),(8,105),(2,105),(7,105),(4,105),(1,105),(1,106),(6,106),(6,106),(4,106),(4,106),(3,106),(5,106),(6,106),(9,106),(5,106),(5,106),(7,106),(3,106),(6,106),(4,106),(7,106),(8,106),(2,106),(5,106),(10,106),(1,106),(8,106),(7,106),(8,106),(4,106),(6,106),(10,106),(5,106),(6,106),(7,106),(4,106),(3,107),(4,108),(6,108),(1,108),(6,108),(4,108),(3,108),(7,108),(5,108),(10,108),(5,108),(6,108),(7,108),(8,108),(4,108),(4,108),(6,108),(1,108),(10,108),(8,109),(2,109),(6,109),(9,109),(9,109),(5,110),(7,110),(3,110),(5,110),(1,110),(8,110),(5,110),(6,110),(4,110),(9,110),(2,110),(9,110),(6,110),(10,110),(8,110),(7,110),(3,110),(1,110),(4,110),(4,111),(9,111),(5,111),(4,112),(8,112),(4,112),(9,112),(9,112),(9,112),(5,112),(1,112),(5,112),(7,112),(6,112),(7,112),(5,112),(9,112),(7,112),(1,112),(6,112),(1,112),(5,112),(6,112),(10,112),(5,112),(9,112),(8,112),(9,112),(2,112),(8,112),(9,112),(10,112),(4,113),(8,113),(2,113),(4,113),(2,113),(4,113),(6,113),(2,113),(1,113),(4,113),(10,113),(6,113),(10,113),(9,113),(8,113),(2,113),(8,113),(1,113),(3,113),(1,113),(7,113),(10,113),(1,113),(5,113),(8,113),(9,113),(5,113),(8,113),(9,113),(5,114),(3,114),(3,114),(1,114),(6,114),(2,114),(9,114),(9,114),(2,114),(8,114),(2,114),(6,114),(3,114),(8,114),(7,115),(8,115),(8,115),(6,115),(10,115),(3,115),(10,115),(5,115),(3,115),(6,115),(8,115),(2,115),(7,115),(6,115),(5,115),(3,115),(10,115),(1,115),(8,115),(10,115),(3,115),(6,115),(2,115),(9,115),(8,115),(3,115),(9,116),(5,116),(3,116),(8,116),(10,116),(6,116),(9,116),(7,116),(7,116),(8,116),(7,116),(3,116),(2,116),(7,116),(8,116),(8,116),(2,116),(7,116),(7,116),(5,116),(6,116),(9,116),(7,116),(2,116),(1,116),(9,116),(7,116),(6,116),(9,116),(3,117),(6,117),(5,117),(2,117),(9,117),(9,117),(1,117),(9,117),(5,117),(6,117),(8,117),(9,117),(2,117),(8,117),(8,117),(10,117),(2,117),(1,118),(1,118),(9,118),(8,119),(9,119),(7,119),(5,119),(9,119),(7,119),(3,119),(8,119),(7,119),(7,119),(3,119),(7,119),(8,119),(9,119),(5,119),(10,119),(7,119),(2,119),(8,119),(2,119),(6,119),(10,119),(7,120),(2,120),(4,120),(8,120),(5,120),(10,120),(4,120),(7,120),(1,120),(7,120),(6,120),(4,120),(8,120),(5,120),(9,120),(1,120),(9,121),(8,121),(7,121),(8,121),(10,121),(4,121),(8,121),(2,121),(4,121),(1,122),(3,122),(7,122),(2,122),(8,122),(3,122),(2,122),(2,122),(6,122),(7,122),(2,122),(5,122),(10,122),(2,122),(9,122),(4,122),(2,122),(1,122),(7,122),(9,122),(8,122),(7,122),(10,122),(2,122),(1,122),(10,122),(10,122),(3,122),(8,122),(10,122),(4,122),(10,123),(6,123),(4,123),(1,123),(1,123),(5,124),(3,124),(3,124),(9,124),(5,124),(9,124),(10,124),(9,124),(1,124),(9,124),(9,124),(6,124),(1,124),(5,124),(5,124),(1,124),(6,125),(2,125),(10,125),(10,125),(8,125),(3,125),(4,125),(8,125),(3,125),(10,125),(6,125),(10,125),(6,125),(1,125),(8,125),(3,125),(9,125),(6,125),(3,126),(5,126),(7,126),(6,126),(8,126),(6,126),(6,126),(6,127),(10,127),(1,127),(9,127),(6,128),(5,128),(2,128),(6,128),(6,128),(2,128),(1,128),(8,128),(1,128),(7,128),(5,128),(7,128),(7,128),(6,128),(8,128),(9,128),(9,128),(9,128),(7,128),(7,128),(10,128),(1,128),(3,128),(6,128),(3,128),(7,128),(5,128),(4,128);
/*!40000 ALTER TABLE `competitions_teams` ENABLE KEYS */;
UNLOCK TABLES;

--
-- Table structure for table `judges`
--

DROP TABLE IF EXISTS `judges`;
/*!40101 SET @saved_cs_client     = @@character_set_client */;
/*!40101 SET character_set_client = utf8 */;
CREATE TABLE `judges` (
  `id` int(11) NOT NULL AUTO_INCREMENT,
  `name` varchar(255) COLLATE utf8_unicode_ci DEFAULT NULL,
  `age` int(11) DEFAULT NULL,
  `category` varchar(255) COLLATE utf8_unicode_ci DEFAULT NULL,
  `created_at` datetime NOT NULL,
  `updated_at` datetime NOT NULL,
  PRIMARY KEY (`id`)
) ENGINE=InnoDB AUTO_INCREMENT=65 DEFAULT CHARSET=utf8 COLLATE=utf8_unicode_ci;
/*!40101 SET character_set_client = @saved_cs_client */;

--
-- Dumping data for table `judges`
--

LOCK TABLES `judges` WRITE;
/*!40000 ALTER TABLE `judges` DISABLE KEYS */;
INSERT INTO `judges` VALUES (1,'judge3c3f99',71,'category86','2013-04-11 21:20:30','2013-04-11 21:20:30'),(2,'judge012d03',47,'category17','2013-04-11 21:20:31','2013-04-11 21:20:31'),(3,'judge853333',51,'category3e','2013-04-11 21:20:31','2013-04-11 21:20:31'),(4,'judge67391e',2,'category0f','2013-04-11 21:20:31','2013-04-11 21:20:31'),(5,'judge97b401',98,'category0c','2013-04-11 21:20:31','2013-04-11 21:20:31'),(6,'judge6e3c8c',40,'category56','2013-04-11 21:20:31','2013-04-11 21:20:31'),(7,'judgef65f15',15,'category0f','2013-04-11 21:20:31','2013-04-11 21:20:31'),(8,'judge681e11',54,'category9c','2013-04-11 21:20:31','2013-04-11 21:20:31'),(9,'judge4e67b8',52,'categorye0','2013-04-11 21:20:31','2013-04-11 21:20:31'),(10,'judgedceaca',6,'categorya7','2013-04-11 21:20:31','2013-04-11 21:20:31'),(11,'judgead5c20',69,'category05','2013-04-11 21:20:31','2013-04-11 21:20:31'),(12,'judgeeeae11',0,'category20','2013-04-11 21:20:31','2013-04-11 21:20:31'),(13,'judgedc0d0f',3,'category45','2013-04-11 21:20:31','2013-04-11 21:20:31'),(14,'judgebff6ca',9,'category2c','2013-04-11 21:20:31','2013-04-11 21:20:31'),(15,'judge3fdbae',56,'category8a','2013-04-11 21:20:31','2013-04-11 21:20:31'),(16,'judge96c94c',65,'categoryda','2013-04-11 21:20:31','2013-04-11 21:20:31'),(17,'judgeca0bb0',48,'categoryfb','2013-04-11 21:20:31','2013-04-11 21:20:31'),(18,'judge6fc50f',51,'categoryfa','2013-04-11 21:20:31','2013-04-11 21:20:31'),(19,'judge906a76',19,'category52','2013-04-11 21:20:31','2013-04-11 21:20:31'),(20,'judge94103a',33,'category11','2013-04-11 21:20:31','2013-04-11 21:20:31'),(21,'judge528644',71,'category4e','2013-04-11 21:20:31','2013-04-11 21:20:31'),(22,'judge8f1ce7',33,'category30','2013-04-11 21:20:31','2013-04-11 21:20:31'),(23,'judge0b6489',50,'category54','2013-04-11 21:20:31','2013-04-11 21:20:31'),(24,'judged318b5',61,'categoryf3','2013-04-11 21:20:31','2013-04-11 21:20:31'),(25,'judge4a3fb3',57,'category8a','2013-04-11 21:20:31','2013-04-11 21:20:31'),(26,'judge8c3282',48,'category86','2013-04-11 21:20:31','2013-04-11 21:20:31'),(27,'judge375515',65,'categorya2','2013-04-11 21:20:32','2013-04-11 21:20:32'),(28,'judgeff028e',79,'category7e','2013-04-11 21:20:32','2013-04-11 21:20:32'),(29,'judgec9a022',15,'category7d','2013-04-11 21:20:32','2013-04-11 21:20:32'),(30,'judgeb34a70',95,'category85','2013-04-11 21:20:32','2013-04-11 21:20:32'),(31,'judge7d51e0',8,'category8e','2013-04-11 21:20:32','2013-04-11 21:20:32'),(32,'judge55936d',90,'category47','2013-04-11 21:20:32','2013-04-11 21:20:32'),(33,'judge4e550f',84,'categoryd9','2013-04-11 21:20:32','2013-04-11 21:20:32'),(34,'judge9d7f4d',89,'categoryc5','2013-04-11 21:20:32','2013-04-11 21:20:32'),(35,'judge27936e',99,'category00','2013-04-11 21:20:32','2013-04-11 21:20:32'),(36,'judge53f5fb',84,'category36','2013-04-11 21:20:32','2013-04-11 21:20:32'),(37,'judge830a7e',38,'categoryf6','2013-04-11 21:20:32','2013-04-11 21:20:32'),(38,'judge8ae03d',17,'category4a','2013-04-11 21:20:32','2013-04-11 21:20:32'),(39,'judged6f0b0',6,'category31','2013-04-11 21:20:32','2013-04-11 21:20:32'),(40,'judge937e61',13,'category2e','2013-04-11 21:20:32','2013-04-11 21:20:32'),(41,'judgedee5c1',52,'categoryf9','2013-04-11 21:20:32','2013-04-11 21:20:32'),(42,'judgef615a1',82,'category79','2013-04-11 21:20:32','2013-04-11 21:20:32'),(43,'judge473bdc',4,'categoryaa','2013-04-11 21:20:32','2013-04-11 21:20:32'),(44,'judge91c4a5',49,'categoryc7','2013-04-11 21:20:32','2013-04-11 21:20:32'),(45,'judge334c8d',92,'categoryfd','2013-04-11 21:20:32','2013-04-11 21:20:32'),(46,'judge9051bc',82,'category17','2013-04-11 21:20:33','2013-04-11 21:20:33'),(47,'judge2d91be',13,'categoryec','2013-04-11 21:20:33','2013-04-11 21:20:33'),(48,'judgedf666a',32,'categoryea','2013-04-11 21:20:33','2013-04-11 21:20:33'),(49,'judge21e195',79,'categoryd2','2013-04-11 21:20:33','2013-04-11 21:20:33'),(50,'judgefc9281',86,'category96','2013-04-11 21:20:33','2013-04-11 21:20:33'),(51,'judge19bee0',39,'categoryc7','2013-04-11 21:20:33','2013-04-11 21:20:33'),(52,'judge396875',23,'categoryaf','2013-04-11 21:20:33','2013-04-11 21:20:33'),(53,'judge47c04e',58,'category05','2013-04-11 21:20:33','2013-04-11 21:20:33'),(54,'judge8bf60e',36,'category83','2013-04-11 21:20:33','2013-04-11 21:20:33'),(55,'judgedd3e46',30,'category54','2013-04-11 21:20:33','2013-04-11 21:20:33'),(56,'judge65763b',46,'categoryf6','2013-04-11 21:20:33','2013-04-11 21:20:33'),(57,'judge825f4f',13,'categoryf2','2013-04-11 21:20:33','2013-04-11 21:20:33'),(58,'judgeb95260',61,'categoryb6','2013-04-11 21:20:33','2013-04-11 21:20:33'),(59,'judgeaa0893',72,'category7d','2013-04-11 21:20:33','2013-04-11 21:20:33'),(60,'judgee03692',94,'category86','2013-04-11 21:20:33','2013-04-11 21:20:33'),(61,'judgecb5e58',37,'category66','2013-04-11 21:20:33','2013-04-11 21:20:33'),(62,'judge16cfc0',93,'category0d','2013-04-11 21:20:33','2013-04-11 21:20:33'),(63,'judgefb2134',0,'categoryc2','2013-04-11 21:20:33','2013-04-11 21:20:33'),(64,'judge2d7445',9,'categorye7','2013-04-11 21:20:33','2013-04-11 21:20:33');
/*!40000 ALTER TABLE `judges` ENABLE KEYS */;
UNLOCK TABLES;

--
-- Table structure for table `mentors`
--

DROP TABLE IF EXISTS `mentors`;
/*!40101 SET @saved_cs_client     = @@character_set_client */;
/*!40101 SET character_set_client = utf8 */;
CREATE TABLE `mentors` (
  `id` int(11) NOT NULL AUTO_INCREMENT,
  `name` varchar(255) COLLATE utf8_unicode_ci DEFAULT NULL,
  `age` int(11) DEFAULT NULL,
  `experience_in_years` float DEFAULT NULL,
  `number_of_years_mentor` int(11) DEFAULT NULL,
  `created_at` datetime NOT NULL,
  `updated_at` datetime NOT NULL,
  PRIMARY KEY (`id`)
) ENGINE=InnoDB AUTO_INCREMENT=257 DEFAULT CHARSET=utf8 COLLATE=utf8_unicode_ci;
/*!40101 SET character_set_client = @saved_cs_client */;

--
-- Dumping data for table `mentors`
--

LOCK TABLES `mentors` WRITE;
/*!40000 ALTER TABLE `mentors` DISABLE KEYS */;
INSERT INTO `mentors` VALUES (1,'mentor3e6ab7',56,2,7,'2013-04-11 21:20:33','2013-04-11 21:20:33'),(2,'mentor675c50',75,4,2,'2013-04-11 21:20:33','2013-04-11 21:20:33'),(3,'mentor0b0a6d',50,7,6,'2013-04-11 21:20:34','2013-04-11 21:20:34'),(4,'mentorb3e17a',12,9,3,'2013-04-11 21:20:34','2013-04-11 21:20:34'),(5,'mentor61cc3c',96,0,6,'2013-04-11 21:20:34','2013-04-11 21:20:34'),(6,'mentor825380',33,3,9,'2013-04-11 21:20:34','2013-04-11 21:20:34'),(7,'mentor84ff85',17,3,9,'2013-04-11 21:20:34','2013-04-11 21:20:34'),(8,'mentorf82a5e',90,2,8,'2013-04-11 21:20:34','2013-04-11 21:20:34'),(9,'mentorff335b',11,4,4,'2013-04-11 21:20:34','2013-04-11 21:20:34'),(10,'mentorb264cd',62,0,4,'2013-04-11 21:20:34','2013-04-11 21:20:34'),(11,'mentor698f9d',64,9,0,'2013-04-11 21:20:34','2013-04-11 21:20:34'),(12,'mentor8affef',89,2,4,'2013-04-11 21:20:34','2013-04-11 21:20:34'),(13,'mentor15f5dd',91,6,1,'2013-04-11 21:20:34','2013-04-11 21:20:34'),(14,'mentor34cf7f',62,4,5,'2013-04-11 21:20:34','2013-04-11 21:20:34'),(15,'mentorba1198',84,1,1,'2013-04-11 21:20:34','2013-04-11 21:20:34'),(16,'mentor420e2b',5,2,6,'2013-04-11 21:20:34','2013-04-11 21:20:34'),(17,'mentor1ff157',36,1,0,'2013-04-11 21:20:34','2013-04-11 21:20:34'),(18,'mentore8e060',65,2,1,'2013-04-11 21:20:34','2013-04-11 21:20:34'),(19,'mentor0b96cd',19,4,0,'2013-04-11 21:20:34','2013-04-11 21:20:34'),(20,'mentor2c864e',87,2,7,'2013-04-11 21:20:34','2013-04-11 21:20:34'),(21,'mentorbef42f',78,0,5,'2013-04-11 21:20:34','2013-04-11 21:20:34'),(22,'mentor576094',50,1,1,'2013-04-11 21:20:34','2013-04-11 21:20:34'),(23,'mentorb1c499',72,4,3,'2013-04-11 21:20:34','2013-04-11 21:20:34'),(24,'mentor900368',18,3,3,'2013-04-11 21:20:34','2013-04-11 21:20:34'),(25,'mentor4b18a6',16,3,2,'2013-04-11 21:20:34','2013-04-11 21:20:34'),(26,'mentorb980e4',89,8,6,'2013-04-11 21:20:35','2013-04-11 21:20:35'),(27,'mentorc64f9a',86,4,3,'2013-04-11 21:20:35','2013-04-11 21:20:35'),(28,'mentord5a7e5',63,0,9,'2013-04-11 21:20:35','2013-04-11 21:20:35'),(29,'mentor5e407f',63,4,7,'2013-04-11 21:20:35','2013-04-11 21:20:35'),(30,'mentor8b63fb',37,6,7,'2013-04-11 21:20:35','2013-04-11 21:20:35'),(31,'mentor1c7a0c',49,6,9,'2013-04-11 21:20:35','2013-04-11 21:20:35'),(32,'mentorb14bc6',7,1,4,'2013-04-11 21:20:35','2013-04-11 21:20:35'),(33,'mentor8a9945',21,8,7,'2013-04-11 21:20:35','2013-04-11 21:20:35'),(34,'mentor9c1c82',7,8,9,'2013-04-11 21:20:35','2013-04-11 21:20:35'),(35,'mentor808e63',87,7,2,'2013-04-11 21:20:35','2013-04-11 21:20:35'),(36,'mentorb2abb4',68,1,7,'2013-04-11 21:20:35','2013-04-11 21:20:35'),(37,'mentorca1acc',97,9,2,'2013-04-11 21:20:35','2013-04-11 21:20:35'),(38,'mentorc4e849',64,4,9,'2013-04-11 21:20:35','2013-04-11 21:20:35'),(39,'mentorc1603e',32,6,5,'2013-04-11 21:20:35','2013-04-11 21:20:35'),(40,'mentor83c810',60,5,0,'2013-04-11 21:20:35','2013-04-11 21:20:35'),(41,'mentora92539',71,9,9,'2013-04-11 21:20:35','2013-04-11 21:20:35'),(42,'mentor205383',89,4,4,'2013-04-11 21:20:35','2013-04-11 21:20:35'),(43,'mentor5b12be',52,0,3,'2013-04-11 21:20:35','2013-04-11 21:20:35'),(44,'mentore115f6',62,5,8,'2013-04-11 21:20:35','2013-04-11 21:20:35'),(45,'mentorddbbad',88,3,5,'2013-04-11 21:20:35','2013-04-11 21:20:35'),(46,'mentor5e872d',77,5,8,'2013-04-11 21:20:35','2013-04-11 21:20:35'),(47,'mentorf9e300',34,7,7,'2013-04-11 21:20:35','2013-04-11 21:20:35'),(48,'mentor47cdb6',53,7,2,'2013-04-11 21:20:35','2013-04-11 21:20:35'),(49,'mentor64ebf4',89,7,9,'2013-04-11 21:20:35','2013-04-11 21:20:35'),(50,'mentor0fd0b4',19,5,2,'2013-04-11 21:20:36','2013-04-11 21:20:36'),(51,'mentorccd91d',33,5,0,'2013-04-11 21:20:36','2013-04-11 21:20:36'),(52,'mentorf3d0df',51,4,6,'2013-04-11 21:20:36','2013-04-11 21:20:36'),(53,'mentor05c00f',70,7,2,'2013-04-11 21:20:36','2013-04-11 21:20:36'),(54,'mentor75cc33',84,2,0,'2013-04-11 21:20:36','2013-04-11 21:20:36'),(55,'mentorde242a',21,1,1,'2013-04-11 21:20:36','2013-04-11 21:20:36'),(56,'mentor425aef',29,7,6,'2013-04-11 21:20:36','2013-04-11 21:20:36'),(57,'mentor9a03e7',54,1,3,'2013-04-11 21:20:36','2013-04-11 21:20:36'),(58,'mentorf185a6',85,2,7,'2013-04-11 21:20:36','2013-04-11 21:20:36'),(59,'mentor6672c2',91,2,0,'2013-04-11 21:20:36','2013-04-11 21:20:36'),(60,'mentor36b9ef',13,5,7,'2013-04-11 21:20:36','2013-04-11 21:20:36'),(61,'mentor65a4cb',98,5,2,'2013-04-11 21:20:36','2013-04-11 21:20:36'),(62,'mentor2b873d',81,8,3,'2013-04-11 21:20:36','2013-04-11 21:20:36'),(63,'mentor7a081c',89,3,5,'2013-04-11 21:20:36','2013-04-11 21:20:36'),(64,'mentor911360',61,8,3,'2013-04-11 21:20:36','2013-04-11 21:20:36'),(65,'mentore3c42c',60,9,0,'2013-04-11 21:20:36','2013-04-11 21:20:36'),(66,'mentor2f1882',90,0,8,'2013-04-11 21:20:36','2013-04-11 21:20:36'),(67,'mentorbbfe53',98,4,3,'2013-04-11 21:20:36','2013-04-11 21:20:36'),(68,'mentor7af9c7',21,9,7,'2013-04-11 21:20:36','2013-04-11 21:20:36'),(69,'mentor20e616',45,1,0,'2013-04-11 21:20:36','2013-04-11 21:20:36'),(70,'mentor71f8c2',92,7,2,'2013-04-11 21:20:36','2013-04-11 21:20:36'),(71,'mentor88ed51',21,1,3,'2013-04-11 21:20:36','2013-04-11 21:20:36'),(72,'mentor113161',71,8,0,'2013-04-11 21:20:36','2013-04-11 21:20:36'),(73,'mentor23247b',62,6,8,'2013-04-11 21:20:36','2013-04-11 21:20:36'),(74,'mentor29a89f',33,1,5,'2013-04-11 21:20:36','2013-04-11 21:20:36'),(75,'mentor0bdb93',74,3,0,'2013-04-11 21:20:37','2013-04-11 21:20:37'),(76,'mentor9bd7c3',93,2,9,'2013-04-11 21:20:37','2013-04-11 21:20:37'),(77,'mentorbe05c0',23,6,0,'2013-04-11 21:20:37','2013-04-11 21:20:37'),(78,'mentor59ea66',17,2,5,'2013-04-11 21:20:37','2013-04-11 21:20:37'),(79,'mentor03703c',6,8,7,'2013-04-11 21:20:37','2013-04-11 21:20:37'),(80,'mentor2eacb9',78,2,8,'2013-04-11 21:20:37','2013-04-11 21:20:37'),(81,'mentorf5db3a',74,5,3,'2013-04-11 21:20:37','2013-04-11 21:20:37'),(82,'mentor2df010',35,2,4,'2013-04-11 21:20:37','2013-04-11 21:20:37'),(83,'mentor034a44',73,4,5,'2013-04-11 21:20:37','2013-04-11 21:20:37'),(84,'mentord430ce',89,8,8,'2013-04-11 21:20:37','2013-04-11 21:20:37'),(85,'mentor8b8ac3',54,7,5,'2013-04-11 21:20:37','2013-04-11 21:20:37'),(86,'mentorff46f6',60,2,3,'2013-04-11 21:20:37','2013-04-11 21:20:37'),(87,'mentorff0132',95,1,2,'2013-04-11 21:20:37','2013-04-11 21:20:37'),(88,'mentor66f969',86,6,4,'2013-04-11 21:20:37','2013-04-11 21:20:37'),(89,'mentorac4d81',4,1,2,'2013-04-11 21:20:37','2013-04-11 21:20:37'),(90,'mentor86464f',77,1,3,'2013-04-11 21:20:37','2013-04-11 21:20:37'),(91,'mentorb1a286',93,1,7,'2013-04-11 21:20:37','2013-04-11 21:20:37'),(92,'mentorfc9f0c',92,0,9,'2013-04-11 21:20:37','2013-04-11 21:20:37'),(93,'mentord35da5',98,2,1,'2013-04-11 21:20:37','2013-04-11 21:20:37'),(94,'mentor3ad9f9',75,4,3,'2013-04-11 21:20:37','2013-04-11 21:20:37'),(95,'mentor395932',56,8,3,'2013-04-11 21:20:37','2013-04-11 21:20:37'),(96,'mentor74ba9e',92,1,2,'2013-04-11 21:20:37','2013-04-11 21:20:37'),(97,'mentora5339f',87,0,5,'2013-04-11 21:20:37','2013-04-11 21:20:37'),(98,'mentor2785ee',72,1,2,'2013-04-11 21:20:38','2013-04-11 21:20:38'),(99,'mentor48a29e',44,6,3,'2013-04-11 21:20:38','2013-04-11 21:20:38'),(100,'mentor6cfb8f',12,2,4,'2013-04-11 21:20:38','2013-04-11 21:20:38'),(101,'mentorea35ca',90,9,7,'2013-04-11 21:20:38','2013-04-11 21:20:38'),(102,'mentorbc4e04',34,2,8,'2013-04-11 21:20:38','2013-04-11 21:20:38'),(103,'mentoraa7d78',79,0,0,'2013-04-11 21:20:38','2013-04-11 21:20:38'),(104,'mentorc5c0df',90,5,3,'2013-04-11 21:20:38','2013-04-11 21:20:38'),(105,'mentor1ebc75',96,3,0,'2013-04-11 21:20:38','2013-04-11 21:20:38'),(106,'mentor3c5f5c',60,8,4,'2013-04-11 21:20:38','2013-04-11 21:20:38'),(107,'mentorb2931c',47,5,0,'2013-04-11 21:20:38','2013-04-11 21:20:38'),(108,'mentor4fd4be',10,5,0,'2013-04-11 21:20:38','2013-04-11 21:20:38'),(109,'mentora6c5a2',43,7,4,'2013-04-11 21:20:38','2013-04-11 21:20:38'),(110,'mentorfb9184',83,4,9,'2013-04-11 21:20:38','2013-04-11 21:20:38'),(111,'mentorfa4a1b',69,2,4,'2013-04-11 21:20:38','2013-04-11 21:20:38'),(112,'mentor487cca',7,1,9,'2013-04-11 21:20:38','2013-04-11 21:20:38'),(113,'mentor1c37f0',76,7,1,'2013-04-11 21:20:38','2013-04-11 21:20:38'),(114,'mentora31455',18,2,9,'2013-04-11 21:20:38','2013-04-11 21:20:38'),(115,'mentora705b0',12,7,4,'2013-04-11 21:20:38','2013-04-11 21:20:38'),(116,'mentora21a8b',71,5,0,'2013-04-11 21:20:38','2013-04-11 21:20:38'),(117,'mentora28b59',85,4,5,'2013-04-11 21:20:38','2013-04-11 21:20:38'),(118,'mentorf6ded9',46,4,6,'2013-04-11 21:20:38','2013-04-11 21:20:38'),(119,'mentore45a37',13,1,3,'2013-04-11 21:20:39','2013-04-11 21:20:39'),(120,'mentorb544ca',63,8,3,'2013-04-11 21:20:39','2013-04-11 21:20:39'),(121,'mentor86f9aa',90,3,9,'2013-04-11 21:20:39','2013-04-11 21:20:39'),(122,'mentor4b8e83',10,1,6,'2013-04-11 21:20:39','2013-04-11 21:20:39'),(123,'mentorff9620',62,9,7,'2013-04-11 21:20:39','2013-04-11 21:20:39'),(124,'mentor5cb237',76,7,7,'2013-04-11 21:20:39','2013-04-11 21:20:39'),(125,'mentor8f8f46',0,9,8,'2013-04-11 21:20:39','2013-04-11 21:20:39'),(126,'mentord14429',53,4,6,'2013-04-11 21:20:39','2013-04-11 21:20:39'),(127,'mentorbd176e',10,4,3,'2013-04-11 21:20:39','2013-04-11 21:20:39'),(128,'mentor1cd5b4',75,6,4,'2013-04-11 21:20:39','2013-04-11 21:20:39'),(129,'mentorafd7ab',94,0,6,'2013-04-11 21:20:39','2013-04-11 21:20:39'),(130,'mentor15f60e',28,5,6,'2013-04-11 21:20:39','2013-04-11 21:20:39'),(131,'mentor5a4c03',1,1,3,'2013-04-11 21:20:39','2013-04-11 21:20:39'),(132,'mentor31a5b0',67,1,3,'2013-04-11 21:20:39','2013-04-11 21:20:39'),(133,'mentor17c2c4',54,7,5,'2013-04-11 21:20:39','2013-04-11 21:20:39'),(134,'mentor4c1c20',96,4,6,'2013-04-11 21:20:39','2013-04-11 21:20:39'),(135,'mentora6b9d6',13,6,0,'2013-04-11 21:20:39','2013-04-11 21:20:39'),(136,'mentor6db4e1',13,0,0,'2013-04-11 21:20:39','2013-04-11 21:20:39'),(137,'mentor1676f2',7,8,9,'2013-04-11 21:20:39','2013-04-11 21:20:39'),(138,'mentor926941',62,7,7,'2013-04-11 21:20:39','2013-04-11 21:20:39'),(139,'mentor2b087f',59,3,1,'2013-04-11 21:20:39','2013-04-11 21:20:39'),(140,'mentor3a025b',75,6,8,'2013-04-11 21:20:39','2013-04-11 21:20:39'),(141,'mentord900b9',64,8,5,'2013-04-11 21:20:39','2013-04-11 21:20:39'),(142,'mentorf55a72',87,9,7,'2013-04-11 21:20:39','2013-04-11 21:20:39'),(143,'mentor6bfa5b',60,2,8,'2013-04-11 21:20:39','2013-04-11 21:20:39'),(144,'mentor116507',83,2,7,'2013-04-11 21:20:40','2013-04-11 21:20:40'),(145,'mentore233d5',40,1,7,'2013-04-11 21:20:40','2013-04-11 21:20:40'),(146,'mentor2f22b7',34,4,9,'2013-04-11 21:20:40','2013-04-11 21:20:40'),(147,'mentor55e1ac',58,5,4,'2013-04-11 21:20:40','2013-04-11 21:20:40'),(148,'mentor8d7143',3,6,1,'2013-04-11 21:20:40','2013-04-11 21:20:40'),(149,'mentor3b9a65',86,0,4,'2013-04-11 21:20:40','2013-04-11 21:20:40'),(150,'mentor5fe268',38,5,5,'2013-04-11 21:20:40','2013-04-11 21:20:40'),(151,'mentor59073d',81,8,8,'2013-04-11 21:20:40','2013-04-11 21:20:40'),(152,'mentor2aafd7',32,5,7,'2013-04-11 21:20:40','2013-04-11 21:20:40'),(153,'mentorea8978',3,1,6,'2013-04-11 21:20:41','2013-04-11 21:20:41'),(154,'mentor686a5d',74,8,0,'2013-04-11 21:20:41','2013-04-11 21:20:41'),(155,'mentord25ab3',9,2,6,'2013-04-11 21:20:41','2013-04-11 21:20:41'),(156,'mentor8e2184',86,4,7,'2013-04-11 21:20:41','2013-04-11 21:20:41'),(157,'mentor074e13',23,7,3,'2013-04-11 21:20:41','2013-04-11 21:20:41'),(158,'mentor5adb9b',40,3,7,'2013-04-11 21:20:41','2013-04-11 21:20:41'),(159,'mentore8aa6b',71,5,1,'2013-04-11 21:20:41','2013-04-11 21:20:41'),(160,'mentord9ae31',50,5,4,'2013-04-11 21:20:41','2013-04-11 21:20:41'),(161,'mentor0d5150',91,1,0,'2013-04-11 21:20:41','2013-04-11 21:20:41'),(162,'mentor0b4f3e',83,5,2,'2013-04-11 21:20:41','2013-04-11 21:20:41'),(163,'mentor70b51f',22,1,2,'2013-04-11 21:20:41','2013-04-11 21:20:41'),(164,'mentor1c40ec',11,5,6,'2013-04-11 21:20:41','2013-04-11 21:20:41'),(165,'mentor5bd2f0',78,9,3,'2013-04-11 21:20:41','2013-04-11 21:20:41'),(166,'mentor60e3af',86,1,4,'2013-04-11 21:20:41','2013-04-11 21:20:41'),(167,'mentor7bf26e',13,1,0,'2013-04-11 21:20:41','2013-04-11 21:20:41'),(168,'mentor35eb4b',67,1,4,'2013-04-11 21:20:41','2013-04-11 21:20:41'),(169,'mentorcd63bc',25,6,3,'2013-04-11 21:20:41','2013-04-11 21:20:41'),(170,'mentor65ab61',4,9,1,'2013-04-11 21:20:41','2013-04-11 21:20:41'),(171,'mentor976c51',10,2,8,'2013-04-11 21:20:41','2013-04-11 21:20:41'),(172,'mentor3dc3ed',89,6,1,'2013-04-11 21:20:41','2013-04-11 21:20:41'),(173,'mentorf08a4e',44,0,5,'2013-04-11 21:20:41','2013-04-11 21:20:41'),(174,'mentora0210f',39,9,1,'2013-04-11 21:20:41','2013-04-11 21:20:41'),(175,'mentor91bce1',9,1,5,'2013-04-11 21:20:41','2013-04-11 21:20:41'),(176,'mentorb1925c',15,1,1,'2013-04-11 21:20:42','2013-04-11 21:20:42'),(177,'mentorbe49fd',27,7,8,'2013-04-11 21:20:42','2013-04-11 21:20:42'),(178,'mentor918adb',50,0,9,'2013-04-11 21:20:42','2013-04-11 21:20:42'),(179,'mentord35636',99,0,0,'2013-04-11 21:20:42','2013-04-11 21:20:42'),(180,'mentor8816c7',44,3,4,'2013-04-11 21:20:42','2013-04-11 21:20:42'),(181,'mentor252ab4',3,9,9,'2013-04-11 21:20:42','2013-04-11 21:20:42'),(182,'mentor85bd74',70,0,7,'2013-04-11 21:20:42','2013-04-11 21:20:42'),(183,'mentor175cdb',81,4,8,'2013-04-11 21:20:42','2013-04-11 21:20:42'),(184,'mentor4343c4',81,9,6,'2013-04-11 21:20:42','2013-04-11 21:20:42'),(185,'mentor1e8a6d',24,0,9,'2013-04-11 21:20:42','2013-04-11 21:20:42'),(186,'mentor9e13e7',17,8,0,'2013-04-11 21:20:42','2013-04-11 21:20:42'),(187,'mentor49da41',87,8,4,'2013-04-11 21:20:42','2013-04-11 21:20:42'),(188,'mentor766c74',65,6,1,'2013-04-11 21:20:42','2013-04-11 21:20:42'),(189,'mentor513ab4',54,8,7,'2013-04-11 21:20:42','2013-04-11 21:20:42'),(190,'mentord0f401',3,9,9,'2013-04-11 21:20:42','2013-04-11 21:20:42'),(191,'mentor6ff450',44,9,3,'2013-04-11 21:20:42','2013-04-11 21:20:42'),(192,'mentor5b0c89',17,2,7,'2013-04-11 21:20:42','2013-04-11 21:20:42'),(193,'mentorce59f6',90,0,4,'2013-04-11 21:20:42','2013-04-11 21:20:42'),(194,'mentorf32a18',94,4,7,'2013-04-11 21:20:42','2013-04-11 21:20:42'),(195,'mentore6fdbd',55,3,6,'2013-04-11 21:20:42','2013-04-11 21:20:42'),(196,'mentor04d37c',34,3,9,'2013-04-11 21:20:42','2013-04-11 21:20:42'),(197,'mentor3a2ffb',24,5,2,'2013-04-11 21:20:42','2013-04-11 21:20:42'),(198,'mentor0014cd',50,9,4,'2013-04-11 21:20:42','2013-04-11 21:20:42'),(199,'mentor6ce1ec',25,8,1,'2013-04-11 21:20:42','2013-04-11 21:20:42'),(200,'mentorf9be85',22,3,9,'2013-04-11 21:20:42','2013-04-11 21:20:42'),(201,'mentor9da8d9',69,7,4,'2013-04-11 21:20:43','2013-04-11 21:20:43'),(202,'mentor53ccfd',62,8,4,'2013-04-11 21:20:43','2013-04-11 21:20:43'),(203,'mentorfc323b',53,0,7,'2013-04-11 21:20:43','2013-04-11 21:20:43'),(204,'mentorb556e7',64,3,1,'2013-04-11 21:20:43','2013-04-11 21:20:43'),(205,'mentorc7df3f',74,6,4,'2013-04-11 21:20:43','2013-04-11 21:20:43'),(206,'mentor56cfd8',45,5,5,'2013-04-11 21:20:43','2013-04-11 21:20:43'),(207,'mentord3e962',77,3,7,'2013-04-11 21:20:43','2013-04-11 21:20:43'),(208,'mentor3d26cc',5,7,7,'2013-04-11 21:20:43','2013-04-11 21:20:43'),(209,'mentore88277',3,0,7,'2013-04-11 21:20:43','2013-04-11 21:20:43'),(210,'mentor490eaa',37,3,9,'2013-04-11 21:20:43','2013-04-11 21:20:43'),(211,'mentor936588',8,9,8,'2013-04-11 21:20:43','2013-04-11 21:20:43'),(212,'mentor41d789',98,9,7,'2013-04-11 21:20:43','2013-04-11 21:20:43'),(213,'mentord22023',19,4,2,'2013-04-11 21:20:43','2013-04-11 21:20:43'),(214,'mentorb426be',85,0,3,'2013-04-11 21:20:43','2013-04-11 21:20:43'),(215,'mentor2b9745',96,7,7,'2013-04-11 21:20:43','2013-04-11 21:20:43'),(216,'mentore7fa51',22,6,4,'2013-04-11 21:20:43','2013-04-11 21:20:43'),(217,'mentor5a1407',96,0,1,'2013-04-11 21:20:43','2013-04-11 21:20:43'),(218,'mentor3b5f34',76,6,5,'2013-04-11 21:20:43','2013-04-11 21:20:43'),(219,'mentor4d9a8c',21,8,0,'2013-04-11 21:20:43','2013-04-11 21:20:43'),(220,'mentord59f00',6,2,3,'2013-04-11 21:20:43','2013-04-11 21:20:43'),(221,'mentor20ac43',32,5,0,'2013-04-11 21:20:43','2013-04-11 21:20:43'),(222,'mentor702de3',35,4,0,'2013-04-11 21:20:43','2013-04-11 21:20:43'),(223,'mentor13b105',71,7,1,'2013-04-11 21:20:43','2013-04-11 21:20:43'),(224,'mentor06fd7d',67,7,0,'2013-04-11 21:20:43','2013-04-11 21:20:43'),(225,'mentorec1e4f',16,9,1,'2013-04-11 21:20:43','2013-04-11 21:20:43'),(226,'mentor030ed4',27,4,5,'2013-04-11 21:20:44','2013-04-11 21:20:44'),(227,'mentor523902',42,7,2,'2013-04-11 21:20:44','2013-04-11 21:20:44'),(228,'mentor17b06f',54,4,6,'2013-04-11 21:20:44','2013-04-11 21:20:44'),(229,'mentor883e1d',91,8,8,'2013-04-11 21:20:44','2013-04-11 21:20:44'),(230,'mentorc25d5d',52,1,8,'2013-04-11 21:20:44','2013-04-11 21:20:44'),(231,'mentor347d13',16,1,8,'2013-04-11 21:20:44','2013-04-11 21:20:44'),(232,'mentor29d1eb',4,8,0,'2013-04-11 21:20:44','2013-04-11 21:20:44'),(233,'mentorbe522d',11,2,0,'2013-04-11 21:20:44','2013-04-11 21:20:44'),(234,'mentorb029ef',91,5,7,'2013-04-11 21:20:44','2013-04-11 21:20:44'),(235,'mentorfeff9a',6,0,0,'2013-04-11 21:20:44','2013-04-11 21:20:44'),(236,'mentord879e9',56,7,4,'2013-04-11 21:20:44','2013-04-11 21:20:44'),(237,'mentor4f3178',69,5,3,'2013-04-11 21:20:44','2013-04-11 21:20:44'),(238,'mentorf26985',39,2,8,'2013-04-11 21:20:44','2013-04-11 21:20:44'),(239,'mentor751b20',74,3,5,'2013-04-11 21:20:44','2013-04-11 21:20:44'),(240,'mentor8083bd',85,8,0,'2013-04-11 21:20:44','2013-04-11 21:20:44'),(241,'mentor6784db',78,3,0,'2013-04-11 21:20:44','2013-04-11 21:20:44'),(242,'mentor4703be',95,1,2,'2013-04-11 21:20:44','2013-04-11 21:20:44'),(243,'mentorc9eed0',36,0,8,'2013-04-11 21:20:44','2013-04-11 21:20:44'),(244,'mentorf99008',70,5,3,'2013-04-11 21:20:44','2013-04-11 21:20:44'),(245,'mentorb75acb',69,4,0,'2013-04-11 21:20:44','2013-04-11 21:20:44'),(246,'mentor7c39d9',77,1,1,'2013-04-11 21:20:44','2013-04-11 21:20:44'),(247,'mentor569682',36,3,8,'2013-04-11 21:20:44','2013-04-11 21:20:44'),(248,'mentor4e09b1',98,6,2,'2013-04-11 21:20:45','2013-04-11 21:20:45'),(249,'mentora5b1a9',2,8,0,'2013-04-11 21:20:45','2013-04-11 21:20:45'),(250,'mentor23adba',56,2,2,'2013-04-11 21:20:45','2013-04-11 21:20:45'),(251,'mentor56c500',90,4,5,'2013-04-11 21:20:45','2013-04-11 21:20:45'),(252,'mentora5da6a',59,0,9,'2013-04-11 21:20:45','2013-04-11 21:20:45'),(253,'mentord98cde',78,9,3,'2013-04-11 21:20:45','2013-04-11 21:20:45'),(254,'mentorab0bf6',13,2,0,'2013-04-11 21:20:45','2013-04-11 21:20:45'),(255,'mentord335ca',14,0,6,'2013-04-11 21:20:45','2013-04-11 21:20:45'),(256,'mentorb920f9',53,5,5,'2013-04-11 21:20:45','2013-04-11 21:20:45');
/*!40000 ALTER TABLE `mentors` ENABLE KEYS */;
UNLOCK TABLES;

--
-- Table structure for table `mentors_teams`
--

DROP TABLE IF EXISTS `mentors_teams`;
/*!40101 SET @saved_cs_client     = @@character_set_client */;
/*!40101 SET character_set_client = utf8 */;
CREATE TABLE `mentors_teams` (
  `mentor_id` int(11) DEFAULT NULL,
  `team_id` int(11) DEFAULT NULL
) ENGINE=InnoDB DEFAULT CHARSET=utf8 COLLATE=utf8_unicode_ci;
/*!40101 SET character_set_client = @saved_cs_client */;

--
-- Dumping data for table `mentors_teams`
--

LOCK TABLES `mentors_teams` WRITE;
/*!40000 ALTER TABLE `mentors_teams` DISABLE KEYS */;
INSERT INTO `mentors_teams` VALUES (194,1),(206,1),(216,1),(33,2),(120,2),(131,3),(77,5),(256,5),(76,5),(64,5),(80,5),(240,5),(171,6),(192,6),(230,6),(26,6),(5,6),(186,6),(234,7),(231,7),(228,8),(105,8),(27,8),(253,8),(199,8),(201,8),(134,9),(157,9),(80,9),(150,9),(124,9),(160,10),(224,10),(162,10),(104,10),(95,10),(80,10),(107,10),(73,11),(221,11),(112,12),(109,12),(201,13),(25,13),(244,13),(123,13),(224,13),(185,13),(246,14),(180,14),(81,14),(251,14),(88,14),(92,14),(217,15),(10,16),(49,16),(29,16),(138,16),(117,16),(98,16),(211,17),(245,17),(6,17),(113,17),(203,17),(16,17),(115,18),(168,18),(163,18),(169,18),(74,18),(7,19),(45,19),(2,19),(118,20),(48,20),(227,20),(252,20),(237,21),(9,21),(83,21),(182,21),(9,21),(213,21),(210,21),(212,22),(6,22),(121,23),(187,23),(102,24),(194,24),(174,25),(6,25),(254,25),(196,25),(256,25),(243,26),(83,26),(219,26),(252,26),(251,27),(42,27),(35,27),(130,27),(89,27),(73,28),(242,28),(229,28),(226,28),(228,29),(141,29),(226,29),(218,30),(168,30),(96,30),(82,30),(96,30),(219,30),(232,31),(92,31),(197,31),(33,31),(182,31),(191,31),(15,32),(61,32),(71,32),(126,32),(156,32),(117,32),(115,32),(87,33),(175,34),(63,34),(208,34),(200,34),(254,34),(91,34),(184,35),(98,35),(35,36),(123,36),(21,36),(113,36),(227,37),(67,38),(34,38),(133,38),(193,38),(38,39),(67,39),(186,40),(31,40),(88,40),(254,40),(1,41),(176,41),(213,41),(238,41),(65,41),(95,41),(100,41),(8,44),(176,44),(27,44),(113,44),(165,44),(150,44),(114,44),(69,45),(136,45),(175,45),(235,45),(90,45),(249,45),(54,45),(243,46),(149,46),(171,46),(54,46),(231,47),(194,47),(147,47),(172,48),(141,49),(63,49),(233,50),(155,50),(220,50),(179,50),(256,50),(93,50),(241,50),(135,51),(34,51),(207,52),(96,52),(74,52),(146,52),(166,52),(240,53),(220,53),(146,53),(15,53),(87,53),(92,54),(244,54),(32,54),(39,55),(218,55),(191,55),(116,55),(76,55),(152,55),(231,56),(143,56),(243,57),(124,57),(231,57),(194,57),(107,57),(169,57),(83,57),(80,58),(77,58),(150,58),(136,58),(56,59),(143,59),(123,59),(15,59),(108,60),(84,60),(93,61),(133,61),(178,61),(170,61),(30,61),(190,62),(160,62),(107,62),(97,62),(246,62),(205,62),(228,63),(36,63),(79,64),(45,64),(163,64),(37,64),(19,65),(144,65),(135,65),(238,65),(113,65),(149,66),(230,66),(57,66),(238,66),(224,67),(82,67),(4,67),(249,67),(88,67),(152,68),(245,68),(110,69),(62,71),(8,71),(103,71),(221,71),(133,71),(37,71),(191,71),(27,72),(10,72),(43,72),(33,72),(200,72),(44,73),(5,73),(152,73),(211,73),(8,73),(239,73),(236,73),(6,74),(49,74),(194,74),(25,74),(231,75),(45,75),(85,75),(57,75),(150,75),(214,76),(100,76),(203,76),(130,76),(64,76),(120,76),(65,77),(69,78),(189,78),(15,78),(15,78),(94,79),(148,79),(199,79),(133,79),(191,79),(223,80),(42,80),(121,80),(12,80),(228,80),(145,81),(39,81),(130,81),(255,81),(129,81),(7,81),(204,83),(8,83),(251,83),(116,83),(229,83),(44,83),(183,83),(90,84),(92,84),(218,84),(74,84),(5,84),(44,84),(230,84),(209,85),(23,85),(14,85),(247,85),(74,85),(79,85),(252,86),(220,86),(255,86),(136,88),(193,88),(232,88),(13,88),(69,88),(126,88),(204,88),(226,89),(151,89),(84,90),(197,91),(249,91),(129,91),(58,91),(163,91),(86,91),(161,92),(186,92),(44,92),(99,92),(79,92),(149,92),(200,92),(26,93),(245,93),(123,93),(159,93),(110,93),(113,93),(160,94),(24,94),(89,94),(74,94),(133,94),(253,94),(65,95),(8,95),(117,96),(141,96),(63,96),(48,97),(149,97),(101,97),(119,97),(15,97),(188,97),(95,98),(33,98),(156,98),(10,98),(59,99),(234,99),(97,99),(1,99),(204,99),(95,99),(10,99),(103,100),(97,100),(158,100),(132,101),(18,101),(109,101),(99,101),(34,102),(138,102),(160,102),(93,102),(42,102),(101,102),(178,102),(227,103),(9,103),(99,103),(193,103),(149,104),(85,104),(27,105),(232,105),(182,106),(162,106),(122,106),(243,106),(62,106),(83,106),(82,108),(247,108),(228,108),(94,108),(165,110),(121,110),(48,110),(56,110),(89,110),(225,110),(231,110),(108,111),(109,112),(63,112),(64,113),(58,113),(11,113),(136,114),(38,114),(9,114),(75,114),(207,115),(173,115),(164,115),(224,115),(87,115),(142,117),(14,117),(26,117),(1,117),(155,117),(197,118),(188,118),(134,118),(229,118),(3,118),(250,118),(190,118),(234,119),(3,119),(254,121),(58,122),(184,122),(127,122),(241,123),(44,123),(239,123),(170,123),(125,123),(111,123),(148,124),(82,124),(203,124),(63,124),(208,125),(237,125),(107,126),(105,126),(62,126),(226,126),(239,126),(169,127),(85,127),(75,127),(83,128),(228,128),(110,128),(244,128),(27,128),(124,128),(52,128);
/*!40000 ALTER TABLE `mentors_teams` ENABLE KEYS */;
UNLOCK TABLES;

--
-- Table structure for table `schema_migrations`
--

DROP TABLE IF EXISTS `schema_migrations`;
/*!40101 SET @saved_cs_client     = @@character_set_client */;
/*!40101 SET character_set_client = utf8 */;
CREATE TABLE `schema_migrations` (
  `version` varchar(255) COLLATE utf8_unicode_ci NOT NULL,
  UNIQUE KEY `unique_schema_migrations` (`version`)
) ENGINE=InnoDB DEFAULT CHARSET=utf8 COLLATE=utf8_unicode_ci;
/*!40101 SET character_set_client = @saved_cs_client */;

--
-- Dumping data for table `schema_migrations`
--

LOCK TABLES `schema_migrations` WRITE;
/*!40000 ALTER TABLE `schema_migrations` DISABLE KEYS */;
INSERT INTO `schema_migrations` VALUES ('20130411202408'),('20130411202613'),('20130411202718'),('20130411203006'),('20130411203026'),('20130411203059'),('20130411203335');
/*!40000 ALTER TABLE `schema_migrations` ENABLE KEYS */;
UNLOCK TABLES;

--
-- Table structure for table `sponsors`
--

DROP TABLE IF EXISTS `sponsors`;
/*!40101 SET @saved_cs_client     = @@character_set_client */;
/*!40101 SET character_set_client = utf8 */;
CREATE TABLE `sponsors` (
  `id` int(11) NOT NULL AUTO_INCREMENT,
  `name` varchar(255) COLLATE utf8_unicode_ci DEFAULT NULL,
  `donated` float DEFAULT NULL,
  `years_participating` int(11) DEFAULT NULL,
  `created_at` datetime NOT NULL,
  `updated_at` datetime NOT NULL,
  PRIMARY KEY (`id`)
) ENGINE=InnoDB AUTO_INCREMENT=11 DEFAULT CHARSET=utf8 COLLATE=utf8_unicode_ci;
/*!40101 SET character_set_client = @saved_cs_client */;

--
-- Dumping data for table `sponsors`
--

LOCK TABLES `sponsors` WRITE;
/*!40000 ALTER TABLE `sponsors` DISABLE KEYS */;
INSERT INTO `sponsors` VALUES (1,'sponsor2d',19655,0,'2013-04-11 21:18:48','2013-04-11 21:18:48'),(2,'sponsor98',12611,1,'2013-04-11 21:18:48','2013-04-11 21:18:48'),(3,'sponsor43',83034,0,'2013-04-11 21:18:48','2013-04-11 21:18:48'),(4,'sponsor0c',41688,3,'2013-04-11 21:18:48','2013-04-11 21:18:48'),(5,'sponsor44',38156,3,'2013-04-11 21:18:48','2013-04-11 21:18:48'),(6,'sponsore5',57643,3,'2013-04-11 21:18:48','2013-04-11 21:18:48'),(7,'sponsor7c',55295,3,'2013-04-11 21:18:48','2013-04-11 21:18:48'),(8,'sponsor34',48324,2,'2013-04-11 21:18:48','2013-04-11 21:18:48'),(9,'sponsore2',24548,0,'2013-04-11 21:18:48','2013-04-11 21:18:48'),(10,'sponsor69',79713,2,'2013-04-11 21:18:48','2013-04-11 21:18:48');
/*!40000 ALTER TABLE `sponsors` ENABLE KEYS */;
UNLOCK TABLES;

--
-- Table structure for table `students`
--

DROP TABLE IF EXISTS `students`;
/*!40101 SET @saved_cs_client     = @@character_set_client */;
/*!40101 SET character_set_client = utf8 */;
CREATE TABLE `students` (
  `id` int(11) NOT NULL AUTO_INCREMENT,
  `name` varchar(255) COLLATE utf8_unicode_ci DEFAULT NULL,
  `age` int(11) DEFAULT NULL,
  `gender` varchar(255) COLLATE utf8_unicode_ci DEFAULT NULL,
  `created_at` datetime NOT NULL,
  `updated_at` datetime NOT NULL,
  PRIMARY KEY (`id`)
) ENGINE=InnoDB AUTO_INCREMENT=2049 DEFAULT CHARSET=utf8 COLLATE=utf8_unicode_ci;
/*!40101 SET character_set_client = @saved_cs_client */;

--
-- Dumping data for table `students`
--

LOCK TABLES `students` WRITE;
/*!40000 ALTER TABLE `students` DISABLE KEYS */;
INSERT INTO `students` VALUES (1,'studentaeae61',63,'male','2013-04-11 21:18:49','2013-04-11 21:18:49'),(2,'student5704ee',50,'male','2013-04-11 21:18:49','2013-04-11 21:18:49'),(3,'studente296f0',90,'female','2013-04-11 21:18:49','2013-04-11 21:18:49'),(4,'student758caa',0,'male','2013-04-11 21:18:49','2013-04-11 21:18:49'),(5,'student212149',28,'female','2013-04-11 21:18:49','2013-04-11 21:18:49'),(6,'student26afe1',75,'male','2013-04-11 21:18:49','2013-04-11 21:18:49'),(7,'student7ca47e',69,'female','2013-04-11 21:18:49','2013-04-11 21:18:49'),(8,'studenta4c01c',46,'male','2013-04-11 21:18:49','2013-04-11 21:18:49'),(9,'student0e6eff',20,'male','2013-04-11 21:18:49','2013-04-11 21:18:49'),(10,'studentf25a11',65,'female','2013-04-11 21:18:49','2013-04-11 21:18:49'),(11,'student2b6cc4',96,'male','2013-04-11 21:18:49','2013-04-11 21:18:49'),(12,'studentea458b',5,'male','2013-04-11 21:18:50','2013-04-11 21:18:50'),(13,'studentdd3005',71,'female','2013-04-11 21:18:50','2013-04-11 21:18:50'),(14,'student7de427',43,'male','2013-04-11 21:18:50','2013-04-11 21:18:50'),(15,'student1cdfa5',0,'male','2013-04-11 21:18:50','2013-04-11 21:18:50'),(16,'studentebc5bd',58,'male','2013-04-11 21:18:50','2013-04-11 21:18:50'),(17,'student816f39',9,'male','2013-04-11 21:18:50','2013-04-11 21:18:50'),(18,'studentdfdcfe',13,'female','2013-04-11 21:18:50','2013-04-11 21:18:50'),(19,'student61a2ae',46,'male','2013-04-11 21:18:50','2013-04-11 21:18:50'),(20,'student0f0c83',81,'male','2013-04-11 21:18:50','2013-04-11 21:18:50'),(21,'studentf67bce',42,'female','2013-04-11 21:18:50','2013-04-11 21:18:50'),(22,'studentd790c0',88,'female','2013-04-11 21:18:50','2013-04-11 21:18:50'),(23,'student7fca2c',18,'male','2013-04-11 21:18:50','2013-04-11 21:18:50'),(24,'studentb28351',58,'female','2013-04-11 21:18:50','2013-04-11 21:18:50'),(25,'student27d227',46,'female','2013-04-11 21:18:50','2013-04-11 21:18:50'),(26,'studenta3a2f4',49,'male','2013-04-11 21:18:50','2013-04-11 21:18:50'),(27,'studentf05353',96,'male','2013-04-11 21:18:50','2013-04-11 21:18:50'),(28,'studente7cced',1,'female','2013-04-11 21:18:50','2013-04-11 21:18:50'),(29,'student4d7c8e',27,'male','2013-04-11 21:18:50','2013-04-11 21:18:50'),(30,'studente72e42',54,'female','2013-04-11 21:18:50','2013-04-11 21:18:50'),(31,'student550db7',40,'female','2013-04-11 21:18:50','2013-04-11 21:18:50'),(32,'student8bb008',62,'female','2013-04-11 21:18:50','2013-04-11 21:18:50'),(33,'student1a8642',94,'male','2013-04-11 21:18:50','2013-04-11 21:18:50'),(34,'student76981f',37,'male','2013-04-11 21:18:51','2013-04-11 21:18:51'),(35,'studentc802b1',50,'female','2013-04-11 21:18:51','2013-04-11 21:18:51'),(36,'student8d85a2',30,'female','2013-04-11 21:18:51','2013-04-11 21:18:51'),(37,'student09e7ae',58,'female','2013-04-11 21:18:51','2013-04-11 21:18:51'),(38,'student8f17c1',27,'female','2013-04-11 21:18:51','2013-04-11 21:18:51'),(39,'student4ba0ba',31,'female','2013-04-11 21:18:51','2013-04-11 21:18:51'),(40,'student59c886',94,'female','2013-04-11 21:18:51','2013-04-11 21:18:51'),(41,'student9d520f',83,'male','2013-04-11 21:18:51','2013-04-11 21:18:51'),(42,'student2e032d',60,'female','2013-04-11 21:18:51','2013-04-11 21:18:51'),(43,'studentbf0bd9',13,'male','2013-04-11 21:18:51','2013-04-11 21:18:51'),(44,'studenta0d75e',9,'male','2013-04-11 21:18:51','2013-04-11 21:18:51'),(45,'studentdaffd7',21,'male','2013-04-11 21:18:51','2013-04-11 21:18:51'),(46,'student28811d',65,'male','2013-04-11 21:18:51','2013-04-11 21:18:51'),(47,'student84c7d6',5,'male','2013-04-11 21:18:51','2013-04-11 21:18:51'),(48,'studentfc8ca5',23,'male','2013-04-11 21:18:51','2013-04-11 21:18:51'),(49,'student9bc15a',38,'female','2013-04-11 21:18:51','2013-04-11 21:18:51'),(50,'studentd610de',36,'male','2013-04-11 21:18:51','2013-04-11 21:18:51'),(51,'student58633b',83,'female','2013-04-11 21:18:51','2013-04-11 21:18:51'),(52,'student07fdd9',95,'female','2013-04-11 21:18:51','2013-04-11 21:18:51'),(53,'student43c9d2',18,'male','2013-04-11 21:18:51','2013-04-11 21:18:51'),(54,'student7c67c9',80,'female','2013-04-11 21:18:52','2013-04-11 21:18:52'),(55,'student15e33d',45,'female','2013-04-11 21:18:52','2013-04-11 21:18:52'),(56,'student5ab94b',66,'male','2013-04-11 21:18:52','2013-04-11 21:18:52'),(57,'studentb98deb',5,'male','2013-04-11 21:18:52','2013-04-11 21:18:52'),(58,'student591a0d',31,'female','2013-04-11 21:18:52','2013-04-11 21:18:52'),(59,'student2c6618',43,'female','2013-04-11 21:18:52','2013-04-11 21:18:52'),(60,'student7c5198',75,'female','2013-04-11 21:18:52','2013-04-11 21:18:52'),(61,'studente52067',48,'male','2013-04-11 21:18:52','2013-04-11 21:18:52'),(62,'studentd9ee19',75,'male','2013-04-11 21:18:52','2013-04-11 21:18:52'),(63,'studentdf4504',14,'female','2013-04-11 21:18:52','2013-04-11 21:18:52'),(64,'studentecb7f6',52,'female','2013-04-11 21:18:52','2013-04-11 21:18:52'),(65,'studentee60cf',12,'male','2013-04-11 21:18:52','2013-04-11 21:18:52'),(66,'student5f97ad',25,'male','2013-04-11 21:18:52','2013-04-11 21:18:52'),(67,'student553f72',75,'male','2013-04-11 21:18:52','2013-04-11 21:18:52'),(68,'student99ab97',16,'female','2013-04-11 21:18:52','2013-04-11 21:18:52'),(69,'student1321d8',25,'female','2013-04-11 21:18:52','2013-04-11 21:18:52'),(70,'student9374f9',48,'female','2013-04-11 21:18:52','2013-04-11 21:18:52'),(71,'studentc955d6',32,'male','2013-04-11 21:18:52','2013-04-11 21:18:52'),(72,'student07f247',7,'male','2013-04-11 21:18:53','2013-04-11 21:18:53'),(73,'student3cf7da',10,'male','2013-04-11 21:18:53','2013-04-11 21:18:53'),(74,'student4d9152',5,'male','2013-04-11 21:18:53','2013-04-11 21:18:53'),(75,'studenta5a8a2',3,'female','2013-04-11 21:18:53','2013-04-11 21:18:53'),(76,'studenta8a244',97,'female','2013-04-11 21:18:53','2013-04-11 21:18:53'),(77,'student99290c',38,'male','2013-04-11 21:18:53','2013-04-11 21:18:53'),(78,'student59ce54',48,'female','2013-04-11 21:18:53','2013-04-11 21:18:53'),(79,'student4aca85',87,'female','2013-04-11 21:18:53','2013-04-11 21:18:53'),(80,'studentf44a87',91,'male','2013-04-11 21:18:53','2013-04-11 21:18:53'),(81,'student2327be',88,'female','2013-04-11 21:18:53','2013-04-11 21:18:53'),(82,'studenta2a7e0',0,'female','2013-04-11 21:18:53','2013-04-11 21:18:53'),(83,'studentf393de',54,'male','2013-04-11 21:18:53','2013-04-11 21:18:53'),(84,'student727aeb',70,'female','2013-04-11 21:18:53','2013-04-11 21:18:53'),(85,'student893e95',0,'male','2013-04-11 21:18:53','2013-04-11 21:18:53'),(86,'student7ed98f',87,'male','2013-04-11 21:18:53','2013-04-11 21:18:53'),(87,'student29e470',0,'male','2013-04-11 21:18:53','2013-04-11 21:18:53'),(88,'studente86a77',3,'male','2013-04-11 21:18:53','2013-04-11 21:18:53'),(89,'student5bd150',89,'male','2013-04-11 21:18:53','2013-04-11 21:18:53'),(90,'student290b4e',54,'female','2013-04-11 21:18:53','2013-04-11 21:18:53'),(91,'student16bf9e',30,'female','2013-04-11 21:18:53','2013-04-11 21:18:53'),(92,'studentd8f640',22,'female','2013-04-11 21:18:53','2013-04-11 21:18:53'),(93,'student23fde3',44,'female','2013-04-11 21:18:53','2013-04-11 21:18:53'),(94,'student81d416',50,'female','2013-04-11 21:18:53','2013-04-11 21:18:53'),(95,'student874e0e',16,'female','2013-04-11 21:18:53','2013-04-11 21:18:53'),(96,'student560901',69,'female','2013-04-11 21:18:54','2013-04-11 21:18:54'),(97,'student31098d',34,'female','2013-04-11 21:18:54','2013-04-11 21:18:54'),(98,'studentcc2261',26,'female','2013-04-11 21:18:54','2013-04-11 21:18:54'),(99,'student7ff519',96,'female','2013-04-11 21:18:54','2013-04-11 21:18:54'),(100,'student7d9378',27,'male','2013-04-11 21:18:54','2013-04-11 21:18:54'),(101,'student99ebf8',84,'female','2013-04-11 21:18:54','2013-04-11 21:18:54'),(102,'studentc0684e',85,'male','2013-04-11 21:18:54','2013-04-11 21:18:54'),(103,'studentd9b8fe',93,'female','2013-04-11 21:18:54','2013-04-11 21:18:54'),(104,'studentf19b28',41,'male','2013-04-11 21:18:54','2013-04-11 21:18:54'),(105,'student65c4ae',30,'female','2013-04-11 21:18:54','2013-04-11 21:18:54'),(106,'studentfece88',96,'male','2013-04-11 21:18:54','2013-04-11 21:18:54'),(107,'student50bef2',89,'male','2013-04-11 21:18:54','2013-04-11 21:18:54'),(108,'student569451',88,'male','2013-04-11 21:18:54','2013-04-11 21:18:54'),(109,'student1e9dfd',67,'male','2013-04-11 21:18:54','2013-04-11 21:18:54'),(110,'student1ad8d7',36,'female','2013-04-11 21:18:54','2013-04-11 21:18:54'),(111,'student2426d4',61,'female','2013-04-11 21:18:54','2013-04-11 21:18:54'),(112,'student7c3031',32,'male','2013-04-11 21:18:54','2013-04-11 21:18:54'),(113,'student9cae8d',24,'male','2013-04-11 21:18:54','2013-04-11 21:18:54'),(114,'student3f44ab',35,'female','2013-04-11 21:18:54','2013-04-11 21:18:54'),(115,'studentd4d896',24,'female','2013-04-11 21:18:54','2013-04-11 21:18:54'),(116,'student284147',75,'male','2013-04-11 21:18:54','2013-04-11 21:18:54'),(117,'student3b1061',6,'male','2013-04-11 21:18:54','2013-04-11 21:18:54'),(118,'student1fed60',35,'female','2013-04-11 21:18:54','2013-04-11 21:18:54'),(119,'studentc6571b',37,'female','2013-04-11 21:18:55','2013-04-11 21:18:55'),(120,'student42e230',57,'female','2013-04-11 21:18:55','2013-04-11 21:18:55'),(121,'student4f14a1',7,'male','2013-04-11 21:18:55','2013-04-11 21:18:55'),(122,'student37d5ae',3,'male','2013-04-11 21:18:55','2013-04-11 21:18:55'),(123,'student767351',79,'female','2013-04-11 21:18:55','2013-04-11 21:18:55'),(124,'studentee3801',11,'female','2013-04-11 21:18:55','2013-04-11 21:18:55'),(125,'student717408',33,'female','2013-04-11 21:18:55','2013-04-11 21:18:55'),(126,'studente1edb3',18,'male','2013-04-11 21:18:55','2013-04-11 21:18:55'),(127,'student763cca',67,'female','2013-04-11 21:18:55','2013-04-11 21:18:55'),(128,'student1728a6',59,'male','2013-04-11 21:18:55','2013-04-11 21:18:55'),(129,'student4dc166',25,'female','2013-04-11 21:18:55','2013-04-11 21:18:55'),(130,'student51480f',34,'male','2013-04-11 21:18:55','2013-04-11 21:18:55'),(131,'student4d6a86',59,'male','2013-04-11 21:18:55','2013-04-11 21:18:55'),(132,'studente06de6',75,'female','2013-04-11 21:18:55','2013-04-11 21:18:55'),(133,'studente40248',76,'male','2013-04-11 21:18:55','2013-04-11 21:18:55'),(134,'student23d6b7',90,'female','2013-04-11 21:18:55','2013-04-11 21:18:55'),(135,'student586f68',1,'female','2013-04-11 21:18:56','2013-04-11 21:18:56'),(136,'student92fdca',53,'female','2013-04-11 21:18:56','2013-04-11 21:18:56'),(137,'student34032e',7,'male','2013-04-11 21:18:56','2013-04-11 21:18:56'),(138,'studentda22fc',7,'female','2013-04-11 21:18:56','2013-04-11 21:18:56'),(139,'student722f9d',75,'female','2013-04-11 21:18:56','2013-04-11 21:18:56'),(140,'student0daa08',4,'female','2013-04-11 21:18:56','2013-04-11 21:18:56'),(141,'student01dedf',46,'female','2013-04-11 21:18:56','2013-04-11 21:18:56'),(142,'student506962',82,'male','2013-04-11 21:18:56','2013-04-11 21:18:56'),(143,'studentfffd40',17,'female','2013-04-11 21:18:56','2013-04-11 21:18:56'),(144,'student581246',17,'female','2013-04-11 21:18:56','2013-04-11 21:18:56'),(145,'studentee9465',33,'male','2013-04-11 21:18:56','2013-04-11 21:18:56'),(146,'studentcf2e4b',19,'male','2013-04-11 21:18:56','2013-04-11 21:18:56'),(147,'student630473',51,'female','2013-04-11 21:18:56','2013-04-11 21:18:56'),(148,'student8fe541',79,'male','2013-04-11 21:18:56','2013-04-11 21:18:56'),(149,'studentfc57b4',0,'male','2013-04-11 21:18:56','2013-04-11 21:18:56'),(150,'studentc5ff9f',50,'female','2013-04-11 21:18:56','2013-04-11 21:18:56'),(151,'student024339',84,'female','2013-04-11 21:18:56','2013-04-11 21:18:56'),(152,'student78113c',36,'female','2013-04-11 21:18:56','2013-04-11 21:18:56'),(153,'studentc9ac66',56,'female','2013-04-11 21:18:56','2013-04-11 21:18:56'),(154,'student18ab6a',29,'female','2013-04-11 21:18:56','2013-04-11 21:18:56'),(155,'studenta3c244',97,'male','2013-04-11 21:18:56','2013-04-11 21:18:56'),(156,'student1aed1b',55,'female','2013-04-11 21:18:56','2013-04-11 21:18:56'),(157,'student1ad4e4',48,'male','2013-04-11 21:18:56','2013-04-11 21:18:56'),(158,'student83a938',60,'male','2013-04-11 21:18:56','2013-04-11 21:18:56'),(159,'student887a51',33,'female','2013-04-11 21:18:56','2013-04-11 21:18:56'),(160,'student0af220',77,'male','2013-04-11 21:18:57','2013-04-11 21:18:57'),(161,'student0dc914',75,'female','2013-04-11 21:18:57','2013-04-11 21:18:57'),(162,'student12188c',85,'male','2013-04-11 21:18:57','2013-04-11 21:18:57'),(163,'student9a722c',25,'male','2013-04-11 21:18:57','2013-04-11 21:18:57'),(164,'student1a0792',9,'female','2013-04-11 21:18:57','2013-04-11 21:18:57'),(165,'student0ca701',96,'female','2013-04-11 21:18:57','2013-04-11 21:18:57'),(166,'student216919',79,'female','2013-04-11 21:18:57','2013-04-11 21:18:57'),(167,'student0f88b3',20,'female','2013-04-11 21:18:57','2013-04-11 21:18:57'),(168,'studentb5513c',5,'female','2013-04-11 21:18:57','2013-04-11 21:18:57'),(169,'student320d1f',74,'male','2013-04-11 21:18:57','2013-04-11 21:18:57'),(170,'student8a7a29',49,'female','2013-04-11 21:18:57','2013-04-11 21:18:57'),(171,'student5255f7',43,'female','2013-04-11 21:18:57','2013-04-11 21:18:57'),(172,'student87afe2',84,'male','2013-04-11 21:18:57','2013-04-11 21:18:57'),(173,'student9b2d68',86,'male','2013-04-11 21:18:57','2013-04-11 21:18:57'),(174,'studentffc6e9',67,'female','2013-04-11 21:18:57','2013-04-11 21:18:57'),(175,'studentfcfeaf',20,'female','2013-04-11 21:18:57','2013-04-11 21:18:57'),(176,'studentd8d376',65,'female','2013-04-11 21:18:57','2013-04-11 21:18:57'),(177,'studente0bd25',54,'male','2013-04-11 21:18:57','2013-04-11 21:18:57'),(178,'student2a25ac',43,'female','2013-04-11 21:18:57','2013-04-11 21:18:57'),(179,'student9ed1f5',6,'female','2013-04-11 21:18:57','2013-04-11 21:18:57'),(180,'student132b0a',43,'female','2013-04-11 21:18:57','2013-04-11 21:18:57'),(181,'studentc39438',91,'female','2013-04-11 21:18:57','2013-04-11 21:18:57'),(182,'student9557da',60,'female','2013-04-11 21:18:57','2013-04-11 21:18:57'),(183,'studentac2595',62,'male','2013-04-11 21:18:57','2013-04-11 21:18:57'),(184,'studentd77c5e',0,'female','2013-04-11 21:18:58','2013-04-11 21:18:58'),(185,'student3af798',93,'female','2013-04-11 21:18:58','2013-04-11 21:18:58'),(186,'student59be75',82,'female','2013-04-11 21:18:58','2013-04-11 21:18:58'),(187,'student7e70c6',5,'male','2013-04-11 21:18:58','2013-04-11 21:18:58'),(188,'studentc01547',73,'male','2013-04-11 21:18:58','2013-04-11 21:18:58'),(189,'student338838',90,'male','2013-04-11 21:18:58','2013-04-11 21:18:58'),(190,'studentf0cd70',71,'female','2013-04-11 21:18:58','2013-04-11 21:18:58'),(191,'student11c10a',62,'male','2013-04-11 21:18:58','2013-04-11 21:18:58'),(192,'student02e4ac',68,'female','2013-04-11 21:18:58','2013-04-11 21:18:58'),(193,'student893b04',48,'female','2013-04-11 21:18:58','2013-04-11 21:18:58'),(194,'studentb018e7',1,'female','2013-04-11 21:18:58','2013-04-11 21:18:58'),(195,'student281232',23,'female','2013-04-11 21:18:58','2013-04-11 21:18:58'),(196,'student628d72',9,'male','2013-04-11 21:18:58','2013-04-11 21:18:58'),(197,'studentb6e40c',73,'male','2013-04-11 21:18:58','2013-04-11 21:18:58'),(198,'student690720',83,'male','2013-04-11 21:18:58','2013-04-11 21:18:58'),(199,'studenta71dfb',48,'male','2013-04-11 21:18:58','2013-04-11 21:18:58'),(200,'student9ec92c',33,'male','2013-04-11 21:18:58','2013-04-11 21:18:58'),(201,'student6596a4',54,'female','2013-04-11 21:18:58','2013-04-11 21:18:58'),(202,'student0baa38',89,'male','2013-04-11 21:18:58','2013-04-11 21:18:58'),(203,'studentf7422e',16,'male','2013-04-11 21:18:58','2013-04-11 21:18:58'),(204,'studenta2d403',33,'male','2013-04-11 21:18:58','2013-04-11 21:18:58'),(205,'student564433',23,'male','2013-04-11 21:18:58','2013-04-11 21:18:58'),(206,'student9ba080',56,'female','2013-04-11 21:18:58','2013-04-11 21:18:58'),(207,'studenta0c51c',29,'female','2013-04-11 21:18:59','2013-04-11 21:18:59'),(208,'studentd5f861',11,'male','2013-04-11 21:18:59','2013-04-11 21:18:59'),(209,'studentddb834',49,'male','2013-04-11 21:18:59','2013-04-11 21:18:59'),(210,'studentdcca4e',74,'female','2013-04-11 21:18:59','2013-04-11 21:18:59'),(211,'studentbe23c1',38,'male','2013-04-11 21:18:59','2013-04-11 21:18:59'),(212,'student68d3e0',79,'female','2013-04-11 21:18:59','2013-04-11 21:18:59'),(213,'studentf9b4b4',8,'male','2013-04-11 21:18:59','2013-04-11 21:18:59'),(214,'studenteb1a28',89,'female','2013-04-11 21:18:59','2013-04-11 21:18:59'),(215,'studenta7d7bd',22,'male','2013-04-11 21:18:59','2013-04-11 21:18:59'),(216,'student8db52c',29,'male','2013-04-11 21:18:59','2013-04-11 21:18:59'),(217,'studentc5bc4d',39,'female','2013-04-11 21:18:59','2013-04-11 21:18:59'),(218,'student9738fc',63,'male','2013-04-11 21:18:59','2013-04-11 21:18:59'),(219,'studentff3384',78,'male','2013-04-11 21:18:59','2013-04-11 21:18:59'),(220,'student9d467e',80,'male','2013-04-11 21:18:59','2013-04-11 21:18:59'),(221,'student2138fa',46,'male','2013-04-11 21:18:59','2013-04-11 21:18:59'),(222,'student5672d2',67,'female','2013-04-11 21:18:59','2013-04-11 21:18:59'),(223,'studentbd986f',13,'female','2013-04-11 21:18:59','2013-04-11 21:18:59'),(224,'student297bb9',11,'male','2013-04-11 21:18:59','2013-04-11 21:18:59'),(225,'student22ce78',10,'male','2013-04-11 21:18:59','2013-04-11 21:18:59'),(226,'student1e29d8',47,'male','2013-04-11 21:18:59','2013-04-11 21:18:59'),(227,'student950edf',65,'male','2013-04-11 21:18:59','2013-04-11 21:18:59'),(228,'studentbb3539',46,'male','2013-04-11 21:18:59','2013-04-11 21:18:59'),(229,'student8ef6e4',82,'female','2013-04-11 21:18:59','2013-04-11 21:18:59'),(230,'student237174',77,'female','2013-04-11 21:18:59','2013-04-11 21:18:59'),(231,'student22e0c5',93,'male','2013-04-11 21:19:00','2013-04-11 21:19:00'),(232,'student64c332',79,'female','2013-04-11 21:19:00','2013-04-11 21:19:00'),(233,'student09c120',86,'female','2013-04-11 21:19:00','2013-04-11 21:19:00'),(234,'student08df1c',45,'female','2013-04-11 21:19:00','2013-04-11 21:19:00'),(235,'student72f645',80,'male','2013-04-11 21:19:00','2013-04-11 21:19:00'),(236,'studente4e24a',90,'male','2013-04-11 21:19:00','2013-04-11 21:19:00'),(237,'student9554a0',23,'female','2013-04-11 21:19:00','2013-04-11 21:19:00'),(238,'student11edcb',86,'female','2013-04-11 21:19:00','2013-04-11 21:19:00'),(239,'studenta66d65',76,'female','2013-04-11 21:19:00','2013-04-11 21:19:00'),(240,'student7019d9',24,'female','2013-04-11 21:19:00','2013-04-11 21:19:00'),(241,'student0df925',25,'female','2013-04-11 21:19:00','2013-04-11 21:19:00'),(242,'student8e315b',18,'male','2013-04-11 21:19:00','2013-04-11 21:19:00'),(243,'studenta5a173',44,'female','2013-04-11 21:19:00','2013-04-11 21:19:00'),(244,'student3d1212',3,'female','2013-04-11 21:19:00','2013-04-11 21:19:00'),(245,'studentda838d',37,'female','2013-04-11 21:19:00','2013-04-11 21:19:00'),(246,'studente9c574',94,'female','2013-04-11 21:19:00','2013-04-11 21:19:00'),(247,'student8b82a2',92,'male','2013-04-11 21:19:00','2013-04-11 21:19:00'),(248,'studentca5378',86,'female','2013-04-11 21:19:00','2013-04-11 21:19:00'),(249,'student5d0ab6',33,'male','2013-04-11 21:19:00','2013-04-11 21:19:00'),(250,'student08fcb3',75,'female','2013-04-11 21:19:00','2013-04-11 21:19:00'),(251,'studentd0ac0c',65,'female','2013-04-11 21:19:00','2013-04-11 21:19:00'),(252,'student303986',93,'male','2013-04-11 21:19:01','2013-04-11 21:19:01'),(253,'student44f0a8',0,'male','2013-04-11 21:19:01','2013-04-11 21:19:01'),(254,'student31f71d',67,'female','2013-04-11 21:19:01','2013-04-11 21:19:01'),(255,'studentece2b1',89,'male','2013-04-11 21:19:01','2013-04-11 21:19:01'),(256,'student8a13d1',21,'male','2013-04-11 21:19:01','2013-04-11 21:19:01'),(257,'studentfa8037',85,'male','2013-04-11 21:19:01','2013-04-11 21:19:01'),(258,'student21fc2e',31,'male','2013-04-11 21:19:01','2013-04-11 21:19:01'),(259,'studentb653e8',94,'female','2013-04-11 21:19:01','2013-04-11 21:19:01'),(260,'student9f8c53',40,'male','2013-04-11 21:19:01','2013-04-11 21:19:01'),(261,'student00c76a',90,'female','2013-04-11 21:19:01','2013-04-11 21:19:01'),(262,'student79d3a4',11,'female','2013-04-11 21:19:01','2013-04-11 21:19:01'),(263,'student65e4a5',82,'female','2013-04-11 21:19:01','2013-04-11 21:19:01'),(264,'student23c017',34,'male','2013-04-11 21:19:01','2013-04-11 21:19:01'),(265,'student4375df',77,'male','2013-04-11 21:19:01','2013-04-11 21:19:01'),(266,'student1be6a2',0,'male','2013-04-11 21:19:01','2013-04-11 21:19:01'),(267,'studentb95a8d',42,'male','2013-04-11 21:19:01','2013-04-11 21:19:01'),(268,'student7134f9',81,'male','2013-04-11 21:19:01','2013-04-11 21:19:01'),(269,'student14dee6',69,'female','2013-04-11 21:19:01','2013-04-11 21:19:01'),(270,'studented9814',49,'male','2013-04-11 21:19:01','2013-04-11 21:19:01'),(271,'student9cf82e',90,'male','2013-04-11 21:19:01','2013-04-11 21:19:01'),(272,'student659eea',36,'female','2013-04-11 21:19:01','2013-04-11 21:19:01'),(273,'student9b75ca',97,'female','2013-04-11 21:19:01','2013-04-11 21:19:01'),(274,'studentbb1afb',22,'male','2013-04-11 21:19:01','2013-04-11 21:19:01'),(275,'student1c08bb',14,'male','2013-04-11 21:19:01','2013-04-11 21:19:01'),(276,'student3b20d4',90,'male','2013-04-11 21:19:02','2013-04-11 21:19:02'),(277,'studentac5a3d',58,'male','2013-04-11 21:19:02','2013-04-11 21:19:02'),(278,'studentdbfacc',75,'female','2013-04-11 21:19:02','2013-04-11 21:19:02'),(279,'studentac6053',92,'female','2013-04-11 21:19:02','2013-04-11 21:19:02'),(280,'student83d45a',46,'female','2013-04-11 21:19:02','2013-04-11 21:19:02'),(281,'student196880',95,'male','2013-04-11 21:19:02','2013-04-11 21:19:02'),(282,'student20a39a',73,'female','2013-04-11 21:19:02','2013-04-11 21:19:02'),(283,'student92cec1',82,'female','2013-04-11 21:19:02','2013-04-11 21:19:02'),(284,'studenta591fd',7,'female','2013-04-11 21:19:02','2013-04-11 21:19:02'),(285,'student247aa7',88,'female','2013-04-11 21:19:02','2013-04-11 21:19:02'),(286,'studentfac462',40,'female','2013-04-11 21:19:02','2013-04-11 21:19:02'),(287,'student157fe1',76,'male','2013-04-11 21:19:02','2013-04-11 21:19:02'),(288,'student8bc56a',7,'male','2013-04-11 21:19:02','2013-04-11 21:19:02'),(289,'student739c26',25,'female','2013-04-11 21:19:02','2013-04-11 21:19:02'),(290,'studentc63448',96,'female','2013-04-11 21:19:02','2013-04-11 21:19:02'),(291,'studentc102e5',29,'female','2013-04-11 21:19:03','2013-04-11 21:19:03'),(292,'studentc11719',85,'male','2013-04-11 21:19:03','2013-04-11 21:19:03'),(293,'student4ce204',74,'female','2013-04-11 21:19:03','2013-04-11 21:19:03'),(294,'student972bf5',4,'female','2013-04-11 21:19:03','2013-04-11 21:19:03'),(295,'studentea8b24',37,'male','2013-04-11 21:19:03','2013-04-11 21:19:03'),(296,'student5ccdbb',26,'female','2013-04-11 21:19:03','2013-04-11 21:19:03'),(297,'student7a15be',57,'female','2013-04-11 21:19:03','2013-04-11 21:19:03'),(298,'student28d7ea',45,'male','2013-04-11 21:19:03','2013-04-11 21:19:03'),(299,'student061e09',41,'male','2013-04-11 21:19:03','2013-04-11 21:19:03'),(300,'student6d33c8',66,'male','2013-04-11 21:19:03','2013-04-11 21:19:03'),(301,'student523fbb',85,'female','2013-04-11 21:19:03','2013-04-11 21:19:03'),(302,'student1cb9c1',52,'female','2013-04-11 21:19:03','2013-04-11 21:19:03'),(303,'studenta0cb72',35,'male','2013-04-11 21:19:03','2013-04-11 21:19:03'),(304,'studente13450',85,'female','2013-04-11 21:19:03','2013-04-11 21:19:03'),(305,'studentb5d5ce',86,'male','2013-04-11 21:19:03','2013-04-11 21:19:03'),(306,'student31788a',34,'male','2013-04-11 21:19:03','2013-04-11 21:19:03'),(307,'studente0e267',47,'male','2013-04-11 21:19:03','2013-04-11 21:19:03'),(308,'student3d2940',77,'male','2013-04-11 21:19:03','2013-04-11 21:19:03'),(309,'student9ab73b',70,'female','2013-04-11 21:19:03','2013-04-11 21:19:03'),(310,'student62a74a',74,'female','2013-04-11 21:19:03','2013-04-11 21:19:03'),(311,'studentac906b',20,'female','2013-04-11 21:19:03','2013-04-11 21:19:03'),(312,'studentd98c89',34,'female','2013-04-11 21:19:04','2013-04-11 21:19:04'),(313,'student5243df',40,'female','2013-04-11 21:19:04','2013-04-11 21:19:04'),(314,'student29affb',98,'male','2013-04-11 21:19:04','2013-04-11 21:19:04'),(315,'studente6e80a',65,'male','2013-04-11 21:19:04','2013-04-11 21:19:04'),(316,'student40d455',18,'female','2013-04-11 21:19:04','2013-04-11 21:19:04'),(317,'student445a64',12,'male','2013-04-11 21:19:04','2013-04-11 21:19:04'),(318,'student402f28',65,'male','2013-04-11 21:19:04','2013-04-11 21:19:04'),(319,'student7e05bf',13,'male','2013-04-11 21:19:04','2013-04-11 21:19:04'),(320,'student76765b',77,'male','2013-04-11 21:19:04','2013-04-11 21:19:04'),(321,'student502f93',86,'female','2013-04-11 21:19:04','2013-04-11 21:19:04'),(322,'student3e5606',7,'male','2013-04-11 21:19:04','2013-04-11 21:19:04'),(323,'student00e4fe',14,'female','2013-04-11 21:19:04','2013-04-11 21:19:04'),(324,'student00f7d0',99,'female','2013-04-11 21:19:04','2013-04-11 21:19:04'),(325,'studente716a0',52,'male','2013-04-11 21:19:04','2013-04-11 21:19:04'),(326,'studentbbeaf3',15,'male','2013-04-11 21:19:04','2013-04-11 21:19:04'),(327,'studentc9591f',94,'male','2013-04-11 21:19:04','2013-04-11 21:19:04'),(328,'studentada9a0',91,'female','2013-04-11 21:19:04','2013-04-11 21:19:04'),(329,'studentfa324e',56,'male','2013-04-11 21:19:04','2013-04-11 21:19:04'),(330,'studente2c5d8',34,'male','2013-04-11 21:19:04','2013-04-11 21:19:04'),(331,'student2adbe8',99,'male','2013-04-11 21:19:04','2013-04-11 21:19:04'),(332,'student6b3b80',71,'female','2013-04-11 21:19:04','2013-04-11 21:19:04'),(333,'student5d91b6',40,'female','2013-04-11 21:19:04','2013-04-11 21:19:04'),(334,'student507b18',47,'female','2013-04-11 21:19:04','2013-04-11 21:19:04'),(335,'student3ded5b',67,'male','2013-04-11 21:19:04','2013-04-11 21:19:04'),(336,'studente80283',20,'female','2013-04-11 21:19:04','2013-04-11 21:19:04'),(337,'student5b9369',88,'female','2013-04-11 21:19:05','2013-04-11 21:19:05'),(338,'studentbd9c29',24,'male','2013-04-11 21:19:05','2013-04-11 21:19:05'),(339,'studentfd0b58',5,'female','2013-04-11 21:19:05','2013-04-11 21:19:05'),(340,'studentb49ede',54,'female','2013-04-11 21:19:05','2013-04-11 21:19:05'),(341,'student3edada',59,'female','2013-04-11 21:19:05','2013-04-11 21:19:05'),(342,'studentf98191',45,'female','2013-04-11 21:19:05','2013-04-11 21:19:05'),(343,'studentc108d6',28,'female','2013-04-11 21:19:05','2013-04-11 21:19:05'),(344,'student343854',3,'female','2013-04-11 21:19:05','2013-04-11 21:19:05'),(345,'student93a400',51,'female','2013-04-11 21:19:05','2013-04-11 21:19:05'),(346,'studentfc6b28',89,'male','2013-04-11 21:19:05','2013-04-11 21:19:05'),(347,'student0eb3a9',67,'male','2013-04-11 21:19:05','2013-04-11 21:19:05'),(348,'student9ff9e4',76,'female','2013-04-11 21:19:05','2013-04-11 21:19:05'),(349,'studente425e8',27,'male','2013-04-11 21:19:05','2013-04-11 21:19:05'),(350,'student05adce',74,'male','2013-04-11 21:19:05','2013-04-11 21:19:05'),(351,'student3ed793',9,'female','2013-04-11 21:19:05','2013-04-11 21:19:05'),(352,'studentb03b3b',32,'female','2013-04-11 21:19:05','2013-04-11 21:19:05'),(353,'student237831',30,'female','2013-04-11 21:19:05','2013-04-11 21:19:05'),(354,'studentd91454',66,'male','2013-04-11 21:19:05','2013-04-11 21:19:05'),(355,'student3f54a0',51,'female','2013-04-11 21:19:05','2013-04-11 21:19:05'),(356,'studentefe0dd',80,'female','2013-04-11 21:19:05','2013-04-11 21:19:05'),(357,'student75647e',71,'male','2013-04-11 21:19:05','2013-04-11 21:19:05'),(358,'student51315b',90,'male','2013-04-11 21:19:05','2013-04-11 21:19:05'),(359,'student82a6cf',0,'female','2013-04-11 21:19:05','2013-04-11 21:19:05'),(360,'student20b81b',1,'male','2013-04-11 21:19:06','2013-04-11 21:19:06'),(361,'student11953b',80,'female','2013-04-11 21:19:06','2013-04-11 21:19:06'),(362,'student70e27e',42,'female','2013-04-11 21:19:06','2013-04-11 21:19:06'),(363,'student28e787',30,'male','2013-04-11 21:19:06','2013-04-11 21:19:06'),(364,'student9a8298',3,'female','2013-04-11 21:19:06','2013-04-11 21:19:06'),(365,'studentdbb214',14,'female','2013-04-11 21:19:06','2013-04-11 21:19:06'),(366,'studentb2d1b6',78,'male','2013-04-11 21:19:06','2013-04-11 21:19:06'),(367,'student6e70d9',87,'male','2013-04-11 21:19:06','2013-04-11 21:19:06'),(368,'student4bd5a1',89,'male','2013-04-11 21:19:06','2013-04-11 21:19:06'),(369,'student4b3473',2,'female','2013-04-11 21:19:06','2013-04-11 21:19:06'),(370,'student0fd1a9',75,'female','2013-04-11 21:19:06','2013-04-11 21:19:06'),(371,'studentefa9e3',60,'male','2013-04-11 21:19:06','2013-04-11 21:19:06'),(372,'student9b6f11',89,'male','2013-04-11 21:19:06','2013-04-11 21:19:06'),(373,'student76ed86',58,'male','2013-04-11 21:19:06','2013-04-11 21:19:06'),(374,'student57ea6c',64,'male','2013-04-11 21:19:06','2013-04-11 21:19:06'),(375,'studenta329f5',61,'male','2013-04-11 21:19:06','2013-04-11 21:19:06'),(376,'studenteab731',59,'female','2013-04-11 21:19:06','2013-04-11 21:19:06'),(377,'student27077b',0,'male','2013-04-11 21:19:06','2013-04-11 21:19:06'),(378,'student86eece',80,'female','2013-04-11 21:19:06','2013-04-11 21:19:06'),(379,'student2bff69',5,'female','2013-04-11 21:19:06','2013-04-11 21:19:06'),(380,'student36a27c',52,'female','2013-04-11 21:19:06','2013-04-11 21:19:06'),(381,'student4353c3',99,'male','2013-04-11 21:19:06','2013-04-11 21:19:06'),(382,'student58db3f',54,'female','2013-04-11 21:19:06','2013-04-11 21:19:06'),(383,'studentb2a194',34,'female','2013-04-11 21:19:07','2013-04-11 21:19:07'),(384,'student6f1db8',94,'female','2013-04-11 21:19:07','2013-04-11 21:19:07'),(385,'student026e62',81,'male','2013-04-11 21:19:07','2013-04-11 21:19:07'),(386,'studentd02363',73,'male','2013-04-11 21:19:07','2013-04-11 21:19:07'),(387,'studented610b',59,'female','2013-04-11 21:19:07','2013-04-11 21:19:07'),(388,'studentf538eb',95,'male','2013-04-11 21:19:07','2013-04-11 21:19:07'),(389,'studentc05065',55,'female','2013-04-11 21:19:07','2013-04-11 21:19:07'),(390,'studenta7015c',13,'male','2013-04-11 21:19:07','2013-04-11 21:19:07'),(391,'student168632',93,'male','2013-04-11 21:19:07','2013-04-11 21:19:07'),(392,'student9b7c8d',51,'female','2013-04-11 21:19:07','2013-04-11 21:19:07'),(393,'student644fb1',90,'male','2013-04-11 21:19:07','2013-04-11 21:19:07'),(394,'student29fc91',32,'male','2013-04-11 21:19:07','2013-04-11 21:19:07'),(395,'studentb34498',7,'male','2013-04-11 21:19:07','2013-04-11 21:19:07'),(396,'studenta5ec8e',57,'male','2013-04-11 21:19:07','2013-04-11 21:19:07'),(397,'student7394d6',16,'male','2013-04-11 21:19:07','2013-04-11 21:19:07'),(398,'student9f0486',27,'female','2013-04-11 21:19:07','2013-04-11 21:19:07'),(399,'student24f577',67,'female','2013-04-11 21:19:07','2013-04-11 21:19:07'),(400,'student9b8df1',6,'male','2013-04-11 21:19:07','2013-04-11 21:19:07'),(401,'student6f5e4b',62,'female','2013-04-11 21:19:07','2013-04-11 21:19:07'),(402,'student631a35',19,'male','2013-04-11 21:19:07','2013-04-11 21:19:07'),(403,'student0084c4',8,'male','2013-04-11 21:19:07','2013-04-11 21:19:07'),(404,'student209fb7',95,'male','2013-04-11 21:19:07','2013-04-11 21:19:07'),(405,'studentf743b7',49,'male','2013-04-11 21:19:07','2013-04-11 21:19:07'),(406,'student87061c',59,'female','2013-04-11 21:19:07','2013-04-11 21:19:07'),(407,'student7e3cf0',42,'male','2013-04-11 21:19:08','2013-04-11 21:19:08'),(408,'student57eca6',19,'male','2013-04-11 21:19:08','2013-04-11 21:19:08'),(409,'studentf3292c',10,'female','2013-04-11 21:19:08','2013-04-11 21:19:08'),(410,'student2d039d',38,'male','2013-04-11 21:19:08','2013-04-11 21:19:08'),(411,'studentbb37fe',44,'female','2013-04-11 21:19:08','2013-04-11 21:19:08'),(412,'student765fc0',24,'male','2013-04-11 21:19:08','2013-04-11 21:19:08'),(413,'student1520d2',10,'male','2013-04-11 21:19:08','2013-04-11 21:19:08'),(414,'student969683',78,'female','2013-04-11 21:19:08','2013-04-11 21:19:08'),(415,'studentf68084',62,'male','2013-04-11 21:19:08','2013-04-11 21:19:08'),(416,'studenta253e4',13,'male','2013-04-11 21:19:08','2013-04-11 21:19:08'),(417,'studente0df51',66,'male','2013-04-11 21:19:08','2013-04-11 21:19:08'),(418,'studentdb1d7a',31,'female','2013-04-11 21:19:08','2013-04-11 21:19:08'),(419,'studentf823a1',90,'male','2013-04-11 21:19:08','2013-04-11 21:19:08'),(420,'studenta1db1d',98,'female','2013-04-11 21:19:08','2013-04-11 21:19:08'),(421,'student3be049',9,'male','2013-04-11 21:19:08','2013-04-11 21:19:08'),(422,'student6be284',51,'male','2013-04-11 21:19:08','2013-04-11 21:19:08'),(423,'student8a1f21',30,'female','2013-04-11 21:19:08','2013-04-11 21:19:08'),(424,'student1f6ce2',90,'male','2013-04-11 21:19:08','2013-04-11 21:19:08'),(425,'studentd413ec',24,'female','2013-04-11 21:19:08','2013-04-11 21:19:08'),(426,'student7a54be',95,'male','2013-04-11 21:19:08','2013-04-11 21:19:08'),(427,'student989542',58,'female','2013-04-11 21:19:08','2013-04-11 21:19:08'),(428,'student3bdf59',92,'male','2013-04-11 21:19:08','2013-04-11 21:19:08'),(429,'studentb6ae91',82,'female','2013-04-11 21:19:08','2013-04-11 21:19:08'),(430,'student79c567',35,'female','2013-04-11 21:19:09','2013-04-11 21:19:09'),(431,'student6c518e',81,'male','2013-04-11 21:19:09','2013-04-11 21:19:09'),(432,'student067633',55,'female','2013-04-11 21:19:09','2013-04-11 21:19:09'),(433,'student3e27c1',78,'male','2013-04-11 21:19:09','2013-04-11 21:19:09'),(434,'studentf19acc',20,'female','2013-04-11 21:19:09','2013-04-11 21:19:09'),(435,'student400b42',53,'male','2013-04-11 21:19:09','2013-04-11 21:19:09'),(436,'student12b361',99,'male','2013-04-11 21:19:09','2013-04-11 21:19:09'),(437,'studentff0149',61,'male','2013-04-11 21:19:09','2013-04-11 21:19:09'),(438,'student87b60d',31,'female','2013-04-11 21:19:09','2013-04-11 21:19:09'),(439,'student27ec65',73,'male','2013-04-11 21:19:09','2013-04-11 21:19:09'),(440,'student181c1d',25,'male','2013-04-11 21:19:09','2013-04-11 21:19:09'),(441,'student17c5b7',86,'female','2013-04-11 21:19:09','2013-04-11 21:19:09'),(442,'student7ec777',37,'male','2013-04-11 21:19:09','2013-04-11 21:19:09'),(443,'student585b69',40,'male','2013-04-11 21:19:09','2013-04-11 21:19:09'),(444,'student447525',9,'male','2013-04-11 21:19:09','2013-04-11 21:19:09'),(445,'studente87f51',25,'male','2013-04-11 21:19:09','2013-04-11 21:19:09'),(446,'student4bef9e',22,'female','2013-04-11 21:19:09','2013-04-11 21:19:09'),(447,'student28d186',95,'male','2013-04-11 21:19:09','2013-04-11 21:19:09'),(448,'student1fd7f3',32,'male','2013-04-11 21:19:09','2013-04-11 21:19:09'),(449,'student8e2b99',69,'female','2013-04-11 21:19:09','2013-04-11 21:19:09'),(450,'studentad4240',96,'female','2013-04-11 21:19:09','2013-04-11 21:19:09'),(451,'studentcf2ebc',9,'male','2013-04-11 21:19:09','2013-04-11 21:19:09'),(452,'studentca5a91',4,'male','2013-04-11 21:19:09','2013-04-11 21:19:09'),(453,'student32e425',11,'female','2013-04-11 21:19:09','2013-04-11 21:19:09'),(454,'studenta86167',79,'male','2013-04-11 21:19:10','2013-04-11 21:19:10'),(455,'student8a67d5',67,'male','2013-04-11 21:19:10','2013-04-11 21:19:10'),(456,'studentb12948',20,'male','2013-04-11 21:19:10','2013-04-11 21:19:10'),(457,'studentb36ff8',12,'male','2013-04-11 21:19:10','2013-04-11 21:19:10'),(458,'studenta9234e',94,'female','2013-04-11 21:19:10','2013-04-11 21:19:10'),(459,'student70bea9',5,'male','2013-04-11 21:19:10','2013-04-11 21:19:10'),(460,'studentbc3a7a',97,'male','2013-04-11 21:19:10','2013-04-11 21:19:10'),(461,'student055246',78,'female','2013-04-11 21:19:10','2013-04-11 21:19:10'),(462,'student6f2130',10,'female','2013-04-11 21:19:10','2013-04-11 21:19:10'),(463,'studentc91dba',92,'female','2013-04-11 21:19:10','2013-04-11 21:19:10'),(464,'student0f67ea',19,'male','2013-04-11 21:19:10','2013-04-11 21:19:10'),(465,'student1b3f47',72,'male','2013-04-11 21:19:10','2013-04-11 21:19:10'),(466,'studentc3d7f0',95,'female','2013-04-11 21:19:10','2013-04-11 21:19:10'),(467,'student34ae52',39,'male','2013-04-11 21:19:10','2013-04-11 21:19:10'),(468,'student747091',30,'female','2013-04-11 21:19:10','2013-04-11 21:19:10'),(469,'student191068',51,'female','2013-04-11 21:19:10','2013-04-11 21:19:10'),(470,'studentc48d27',28,'female','2013-04-11 21:19:11','2013-04-11 21:19:11'),(471,'studentb3edbe',72,'male','2013-04-11 21:19:11','2013-04-11 21:19:11'),(472,'studenta1bbcd',27,'male','2013-04-11 21:19:11','2013-04-11 21:19:11'),(473,'student17214c',66,'female','2013-04-11 21:19:11','2013-04-11 21:19:11'),(474,'student11c3d7',46,'male','2013-04-11 21:19:11','2013-04-11 21:19:11'),(475,'student96068b',23,'male','2013-04-11 21:19:11','2013-04-11 21:19:11'),(476,'studentf88b03',80,'female','2013-04-11 21:19:11','2013-04-11 21:19:11'),(477,'student743564',75,'male','2013-04-11 21:19:11','2013-04-11 21:19:11'),(478,'student29a7c1',71,'male','2013-04-11 21:19:11','2013-04-11 21:19:11'),(479,'student341551',50,'female','2013-04-11 21:19:11','2013-04-11 21:19:11'),(480,'student2233f1',46,'male','2013-04-11 21:19:11','2013-04-11 21:19:11'),(481,'student5df77e',18,'female','2013-04-11 21:19:11','2013-04-11 21:19:11'),(482,'student5fd953',30,'male','2013-04-11 21:19:11','2013-04-11 21:19:11'),(483,'student85cefa',67,'male','2013-04-11 21:19:11','2013-04-11 21:19:11'),(484,'student3e88b3',25,'male','2013-04-11 21:19:11','2013-04-11 21:19:11'),(485,'student149ff1',18,'female','2013-04-11 21:19:11','2013-04-11 21:19:11'),(486,'studentaa9ba6',59,'female','2013-04-11 21:19:11','2013-04-11 21:19:11'),(487,'student19cc18',98,'male','2013-04-11 21:19:11','2013-04-11 21:19:11'),(488,'student30efab',70,'female','2013-04-11 21:19:11','2013-04-11 21:19:11'),(489,'studentf6b299',50,'female','2013-04-11 21:19:11','2013-04-11 21:19:11'),(490,'student0edf3a',26,'female','2013-04-11 21:19:11','2013-04-11 21:19:11'),(491,'student695669',91,'female','2013-04-11 21:19:12','2013-04-11 21:19:12'),(492,'studenta515cf',8,'male','2013-04-11 21:19:12','2013-04-11 21:19:12'),(493,'student776204',33,'female','2013-04-11 21:19:12','2013-04-11 21:19:12'),(494,'studentea839c',43,'male','2013-04-11 21:19:12','2013-04-11 21:19:12'),(495,'studentbb4359',5,'female','2013-04-11 21:19:12','2013-04-11 21:19:12'),(496,'student8f958e',88,'male','2013-04-11 21:19:12','2013-04-11 21:19:12'),(497,'student00440e',87,'male','2013-04-11 21:19:12','2013-04-11 21:19:12'),(498,'student57975a',17,'female','2013-04-11 21:19:12','2013-04-11 21:19:12'),(499,'student6ae4a5',0,'female','2013-04-11 21:19:12','2013-04-11 21:19:12'),(500,'studentd817a5',63,'female','2013-04-11 21:19:12','2013-04-11 21:19:12'),(501,'student72499a',72,'female','2013-04-11 21:19:12','2013-04-11 21:19:12'),(502,'studentf8bdc6',81,'male','2013-04-11 21:19:12','2013-04-11 21:19:12'),(503,'studentb0cc9c',4,'male','2013-04-11 21:19:12','2013-04-11 21:19:12'),(504,'student5202ec',5,'female','2013-04-11 21:19:12','2013-04-11 21:19:12'),(505,'studentbc73e1',7,'female','2013-04-11 21:19:12','2013-04-11 21:19:12'),(506,'student57918b',55,'female','2013-04-11 21:19:12','2013-04-11 21:19:12'),(507,'student545eae',53,'male','2013-04-11 21:19:12','2013-04-11 21:19:12'),(508,'student6e9b0f',80,'male','2013-04-11 21:19:12','2013-04-11 21:19:12'),(509,'studentc37f9e',66,'male','2013-04-11 21:19:12','2013-04-11 21:19:12'),(510,'student460701',27,'female','2013-04-11 21:19:12','2013-04-11 21:19:12'),(511,'studente10008',26,'male','2013-04-11 21:19:12','2013-04-11 21:19:12'),(512,'student057030',82,'male','2013-04-11 21:19:12','2013-04-11 21:19:12'),(513,'student34cfc5',19,'female','2013-04-11 21:19:12','2013-04-11 21:19:12'),(514,'studentfce9e1',58,'male','2013-04-11 21:19:12','2013-04-11 21:19:12'),(515,'student46a17d',16,'male','2013-04-11 21:19:12','2013-04-11 21:19:12'),(516,'student356128',62,'female','2013-04-11 21:19:13','2013-04-11 21:19:13'),(517,'student43c73c',64,'male','2013-04-11 21:19:13','2013-04-11 21:19:13'),(518,'student851ca5',26,'male','2013-04-11 21:19:13','2013-04-11 21:19:13'),(519,'student28f983',34,'female','2013-04-11 21:19:13','2013-04-11 21:19:13'),(520,'studentd1241a',47,'female','2013-04-11 21:19:13','2013-04-11 21:19:13'),(521,'student2130e6',43,'male','2013-04-11 21:19:13','2013-04-11 21:19:13'),(522,'studentaeff89',7,'female','2013-04-11 21:19:13','2013-04-11 21:19:13'),(523,'studentb8076a',4,'male','2013-04-11 21:19:13','2013-04-11 21:19:13'),(524,'student1dfdb9',49,'male','2013-04-11 21:19:13','2013-04-11 21:19:13'),(525,'studentcef1fe',9,'female','2013-04-11 21:19:13','2013-04-11 21:19:13'),(526,'student272451',15,'male','2013-04-11 21:19:14','2013-04-11 21:19:14'),(527,'student55341a',74,'male','2013-04-11 21:19:14','2013-04-11 21:19:14'),(528,'student801893',72,'male','2013-04-11 21:19:14','2013-04-11 21:19:14'),(529,'studentbeb97a',33,'female','2013-04-11 21:19:14','2013-04-11 21:19:14'),(530,'student6ea5de',40,'female','2013-04-11 21:19:14','2013-04-11 21:19:14'),(531,'studentbef954',15,'female','2013-04-11 21:19:14','2013-04-11 21:19:14'),(532,'studentf3f526',21,'female','2013-04-11 21:19:14','2013-04-11 21:19:14'),(533,'student6ea1c6',30,'male','2013-04-11 21:19:14','2013-04-11 21:19:14'),(534,'student35e0de',3,'male','2013-04-11 21:19:14','2013-04-11 21:19:14'),(535,'student63f24b',96,'female','2013-04-11 21:19:14','2013-04-11 21:19:14'),(536,'student7c4203',45,'male','2013-04-11 21:19:14','2013-04-11 21:19:14'),(537,'studentb9faa7',9,'female','2013-04-11 21:19:14','2013-04-11 21:19:14'),(538,'student2972a0',7,'male','2013-04-11 21:19:14','2013-04-11 21:19:14'),(539,'student3246f5',44,'female','2013-04-11 21:19:14','2013-04-11 21:19:14'),(540,'studentf2512c',48,'female','2013-04-11 21:19:14','2013-04-11 21:19:14'),(541,'studentaaf33f',53,'female','2013-04-11 21:19:14','2013-04-11 21:19:14'),(542,'studentcc0074',4,'male','2013-04-11 21:19:14','2013-04-11 21:19:14'),(543,'studentabbb2a',86,'male','2013-04-11 21:19:14','2013-04-11 21:19:14'),(544,'student71d635',88,'male','2013-04-11 21:19:14','2013-04-11 21:19:14'),(545,'studente2a150',55,'male','2013-04-11 21:19:14','2013-04-11 21:19:14'),(546,'studentc986f0',76,'female','2013-04-11 21:19:15','2013-04-11 21:19:15'),(547,'student9770b1',86,'male','2013-04-11 21:19:15','2013-04-11 21:19:15'),(548,'student454274',87,'male','2013-04-11 21:19:15','2013-04-11 21:19:15'),(549,'studenta17d4a',57,'female','2013-04-11 21:19:15','2013-04-11 21:19:15'),(550,'student0a5479',12,'female','2013-04-11 21:19:15','2013-04-11 21:19:15'),(551,'student04cab4',33,'female','2013-04-11 21:19:15','2013-04-11 21:19:15'),(552,'studentcc4283',37,'male','2013-04-11 21:19:15','2013-04-11 21:19:15'),(553,'student1756fd',54,'female','2013-04-11 21:19:15','2013-04-11 21:19:15'),(554,'student7a18d4',74,'male','2013-04-11 21:19:15','2013-04-11 21:19:15'),(555,'studentc9e596',29,'male','2013-04-11 21:19:15','2013-04-11 21:19:15'),(556,'student832443',11,'female','2013-04-11 21:19:15','2013-04-11 21:19:15'),(557,'student0f5063',64,'female','2013-04-11 21:19:15','2013-04-11 21:19:15'),(558,'studente294b0',94,'female','2013-04-11 21:19:15','2013-04-11 21:19:15'),(559,'student552112',94,'male','2013-04-11 21:19:15','2013-04-11 21:19:15'),(560,'student0ba532',81,'female','2013-04-11 21:19:15','2013-04-11 21:19:15'),(561,'studentfcbed3',48,'male','2013-04-11 21:19:15','2013-04-11 21:19:15'),(562,'student60026d',16,'male','2013-04-11 21:19:15','2013-04-11 21:19:15'),(563,'student857532',39,'male','2013-04-11 21:19:15','2013-04-11 21:19:15'),(564,'studentf27fc9',76,'male','2013-04-11 21:19:15','2013-04-11 21:19:15'),(565,'student479866',10,'female','2013-04-11 21:19:15','2013-04-11 21:19:15'),(566,'studentbacf09',55,'male','2013-04-11 21:19:15','2013-04-11 21:19:15'),(567,'student8389c4',78,'female','2013-04-11 21:19:15','2013-04-11 21:19:15'),(568,'student917fce',6,'female','2013-04-11 21:19:15','2013-04-11 21:19:15'),(569,'studente1199c',26,'male','2013-04-11 21:19:15','2013-04-11 21:19:15'),(570,'studentc6d858',16,'male','2013-04-11 21:19:15','2013-04-11 21:19:15'),(571,'student4a79fb',65,'female','2013-04-11 21:19:16','2013-04-11 21:19:16'),(572,'studentad34d8',54,'female','2013-04-11 21:19:16','2013-04-11 21:19:16'),(573,'studentda5338',50,'female','2013-04-11 21:19:16','2013-04-11 21:19:16'),(574,'student071e42',12,'male','2013-04-11 21:19:16','2013-04-11 21:19:16'),(575,'studentc4e1b2',74,'male','2013-04-11 21:19:16','2013-04-11 21:19:16'),(576,'studentd2d6e4',98,'male','2013-04-11 21:19:16','2013-04-11 21:19:16'),(577,'student743197',44,'male','2013-04-11 21:19:16','2013-04-11 21:19:16'),(578,'student54cc27',66,'male','2013-04-11 21:19:16','2013-04-11 21:19:16'),(579,'studentad31ce',97,'male','2013-04-11 21:19:16','2013-04-11 21:19:16'),(580,'studentcef8ed',29,'male','2013-04-11 21:19:16','2013-04-11 21:19:16'),(581,'studentb2da34',16,'female','2013-04-11 21:19:16','2013-04-11 21:19:16'),(582,'student554194',35,'male','2013-04-11 21:19:16','2013-04-11 21:19:16'),(583,'student190368',46,'female','2013-04-11 21:19:16','2013-04-11 21:19:16'),(584,'student93718e',0,'male','2013-04-11 21:19:16','2013-04-11 21:19:16'),(585,'student5babbc',61,'male','2013-04-11 21:19:16','2013-04-11 21:19:16'),(586,'student01be53',65,'female','2013-04-11 21:19:16','2013-04-11 21:19:16'),(587,'student7c5632',29,'female','2013-04-11 21:19:16','2013-04-11 21:19:16'),(588,'studentab9707',47,'male','2013-04-11 21:19:16','2013-04-11 21:19:16'),(589,'student15ecec',41,'male','2013-04-11 21:19:16','2013-04-11 21:19:16'),(590,'student82f89b',89,'male','2013-04-11 21:19:16','2013-04-11 21:19:16'),(591,'student669cae',10,'female','2013-04-11 21:19:16','2013-04-11 21:19:16'),(592,'studentd239f8',42,'male','2013-04-11 21:19:16','2013-04-11 21:19:16'),(593,'studentcbe209',21,'male','2013-04-11 21:19:16','2013-04-11 21:19:16'),(594,'student6d7019',90,'female','2013-04-11 21:19:16','2013-04-11 21:19:16'),(595,'student98091c',48,'male','2013-04-11 21:19:16','2013-04-11 21:19:16'),(596,'student145756',25,'male','2013-04-11 21:19:17','2013-04-11 21:19:17'),(597,'student76ecf3',89,'female','2013-04-11 21:19:17','2013-04-11 21:19:17'),(598,'student2fe765',48,'female','2013-04-11 21:19:17','2013-04-11 21:19:17'),(599,'student4200d6',31,'female','2013-04-11 21:19:17','2013-04-11 21:19:17'),(600,'studentdee72a',27,'female','2013-04-11 21:19:17','2013-04-11 21:19:17'),(601,'studenta8f46a',99,'female','2013-04-11 21:19:17','2013-04-11 21:19:17'),(602,'student504d43',84,'male','2013-04-11 21:19:17','2013-04-11 21:19:17'),(603,'student61a36f',88,'male','2013-04-11 21:19:17','2013-04-11 21:19:17'),(604,'student9c723b',64,'female','2013-04-11 21:19:17','2013-04-11 21:19:17'),(605,'student441754',93,'male','2013-04-11 21:19:17','2013-04-11 21:19:17'),(606,'studentff74e4',57,'female','2013-04-11 21:19:17','2013-04-11 21:19:17'),(607,'student31767d',54,'male','2013-04-11 21:19:17','2013-04-11 21:19:17'),(608,'studente14fd5',4,'female','2013-04-11 21:19:17','2013-04-11 21:19:17'),(609,'studenteee53d',92,'male','2013-04-11 21:19:17','2013-04-11 21:19:17'),(610,'student7b12ff',34,'female','2013-04-11 21:19:17','2013-04-11 21:19:17'),(611,'student228646',9,'female','2013-04-11 21:19:17','2013-04-11 21:19:17'),(612,'student1eaffe',73,'male','2013-04-11 21:19:17','2013-04-11 21:19:17'),(613,'studenteec55a',5,'female','2013-04-11 21:19:17','2013-04-11 21:19:17'),(614,'student529683',29,'male','2013-04-11 21:19:17','2013-04-11 21:19:17'),(615,'studentd5d7cd',99,'female','2013-04-11 21:19:17','2013-04-11 21:19:17'),(616,'studentfad4aa',42,'female','2013-04-11 21:19:17','2013-04-11 21:19:17'),(617,'student35e98e',64,'female','2013-04-11 21:19:17','2013-04-11 21:19:17'),(618,'student1f33ff',38,'male','2013-04-11 21:19:17','2013-04-11 21:19:17'),(619,'studentb1f625',85,'male','2013-04-11 21:19:17','2013-04-11 21:19:17'),(620,'student3f40e5',9,'male','2013-04-11 21:19:18','2013-04-11 21:19:18'),(621,'student2e686e',0,'male','2013-04-11 21:19:18','2013-04-11 21:19:18'),(622,'studentaba6fb',34,'male','2013-04-11 21:19:18','2013-04-11 21:19:18'),(623,'student9655bb',71,'male','2013-04-11 21:19:18','2013-04-11 21:19:18'),(624,'student859720',2,'male','2013-04-11 21:19:18','2013-04-11 21:19:18'),(625,'studentac7032',96,'female','2013-04-11 21:19:18','2013-04-11 21:19:18'),(626,'student7ce6ac',33,'male','2013-04-11 21:19:18','2013-04-11 21:19:18'),(627,'student47dc88',47,'male','2013-04-11 21:19:18','2013-04-11 21:19:18'),(628,'student85288b',16,'male','2013-04-11 21:19:18','2013-04-11 21:19:18'),(629,'studente5691c',57,'male','2013-04-11 21:19:18','2013-04-11 21:19:18'),(630,'studente17c3c',31,'male','2013-04-11 21:19:18','2013-04-11 21:19:18'),(631,'studenta2e5c2',59,'male','2013-04-11 21:19:18','2013-04-11 21:19:18'),(632,'studentea55cd',47,'male','2013-04-11 21:19:18','2013-04-11 21:19:18'),(633,'student55b094',48,'male','2013-04-11 21:19:18','2013-04-11 21:19:18'),(634,'student023bf0',67,'female','2013-04-11 21:19:18','2013-04-11 21:19:18'),(635,'student245176',49,'male','2013-04-11 21:19:18','2013-04-11 21:19:18'),(636,'student11d59c',51,'female','2013-04-11 21:19:18','2013-04-11 21:19:18'),(637,'student473428',98,'female','2013-04-11 21:19:18','2013-04-11 21:19:18'),(638,'student04ce33',38,'female','2013-04-11 21:19:18','2013-04-11 21:19:18'),(639,'studentfc2102',74,'female','2013-04-11 21:19:18','2013-04-11 21:19:18'),(640,'studentde9cf4',28,'male','2013-04-11 21:19:18','2013-04-11 21:19:18'),(641,'student282956',29,'male','2013-04-11 21:19:18','2013-04-11 21:19:18'),(642,'studente9095f',73,'male','2013-04-11 21:19:18','2013-04-11 21:19:18'),(643,'studentc2b3fb',46,'male','2013-04-11 21:19:18','2013-04-11 21:19:18'),(644,'studentbd6307',4,'male','2013-04-11 21:19:18','2013-04-11 21:19:18'),(645,'student0a242c',59,'male','2013-04-11 21:19:19','2013-04-11 21:19:19'),(646,'studentb10eb8',92,'female','2013-04-11 21:19:19','2013-04-11 21:19:19'),(647,'student907882',39,'male','2013-04-11 21:19:19','2013-04-11 21:19:19'),(648,'student6a9a8f',64,'male','2013-04-11 21:19:19','2013-04-11 21:19:19'),(649,'student7703d7',29,'female','2013-04-11 21:19:19','2013-04-11 21:19:19'),(650,'student9b5348',89,'female','2013-04-11 21:19:19','2013-04-11 21:19:19'),(651,'student4c98c3',57,'female','2013-04-11 21:19:19','2013-04-11 21:19:19'),(652,'student1c5a50',79,'female','2013-04-11 21:19:19','2013-04-11 21:19:19'),(653,'studentec3807',11,'male','2013-04-11 21:19:19','2013-04-11 21:19:19'),(654,'student030ee5',50,'female','2013-04-11 21:19:19','2013-04-11 21:19:19'),(655,'student5280b7',64,'male','2013-04-11 21:19:19','2013-04-11 21:19:19'),(656,'studentf7e8e2',88,'male','2013-04-11 21:19:19','2013-04-11 21:19:19'),(657,'student0efeec',70,'female','2013-04-11 21:19:19','2013-04-11 21:19:19'),(658,'studentbc1963',69,'female','2013-04-11 21:19:19','2013-04-11 21:19:19'),(659,'studentaf21cf',36,'male','2013-04-11 21:19:19','2013-04-11 21:19:19'),(660,'studentf2ccea',22,'female','2013-04-11 21:19:19','2013-04-11 21:19:19'),(661,'student163fe7',93,'male','2013-04-11 21:19:19','2013-04-11 21:19:19'),(662,'student192073',81,'male','2013-04-11 21:19:19','2013-04-11 21:19:19'),(663,'student8bf8ea',95,'male','2013-04-11 21:19:19','2013-04-11 21:19:19'),(664,'student23606e',58,'female','2013-04-11 21:19:19','2013-04-11 21:19:19'),(665,'studentb1a281',62,'male','2013-04-11 21:19:19','2013-04-11 21:19:19'),(666,'student1b0f5d',0,'male','2013-04-11 21:19:19','2013-04-11 21:19:19'),(667,'student70eda8',20,'male','2013-04-11 21:19:19','2013-04-11 21:19:19'),(668,'studente138a9',22,'male','2013-04-11 21:19:19','2013-04-11 21:19:19'),(669,'student05dfd1',36,'male','2013-04-11 21:19:20','2013-04-11 21:19:20'),(670,'student93f0b0',5,'female','2013-04-11 21:19:20','2013-04-11 21:19:20'),(671,'student94cb68',0,'female','2013-04-11 21:19:20','2013-04-11 21:19:20'),(672,'student7e7cb9',12,'male','2013-04-11 21:19:20','2013-04-11 21:19:20'),(673,'studente92b46',96,'female','2013-04-11 21:19:20','2013-04-11 21:19:20'),(674,'student9954c9',81,'female','2013-04-11 21:19:20','2013-04-11 21:19:20'),(675,'student248a67',90,'male','2013-04-11 21:19:20','2013-04-11 21:19:20'),(676,'studentbdb26e',2,'male','2013-04-11 21:19:20','2013-04-11 21:19:20'),(677,'student4cb963',41,'female','2013-04-11 21:19:20','2013-04-11 21:19:20'),(678,'student197991',71,'male','2013-04-11 21:19:20','2013-04-11 21:19:20'),(679,'student643255',69,'female','2013-04-11 21:19:20','2013-04-11 21:19:20'),(680,'studenta5fc73',78,'male','2013-04-11 21:19:20','2013-04-11 21:19:20'),(681,'student1f5558',87,'female','2013-04-11 21:19:20','2013-04-11 21:19:20'),(682,'student8a8666',59,'male','2013-04-11 21:19:20','2013-04-11 21:19:20'),(683,'student3def50',56,'female','2013-04-11 21:19:20','2013-04-11 21:19:20'),(684,'student269e08',67,'female','2013-04-11 21:19:20','2013-04-11 21:19:20'),(685,'studenta83d8d',32,'female','2013-04-11 21:19:20','2013-04-11 21:19:20'),(686,'studentc53ef7',96,'male','2013-04-11 21:19:20','2013-04-11 21:19:20'),(687,'student0acec2',23,'male','2013-04-11 21:19:20','2013-04-11 21:19:20'),(688,'student676b7a',16,'female','2013-04-11 21:19:20','2013-04-11 21:19:20'),(689,'studentc8a8c3',88,'male','2013-04-11 21:19:20','2013-04-11 21:19:20'),(690,'student452e42',87,'female','2013-04-11 21:19:20','2013-04-11 21:19:20'),(691,'student324775',91,'male','2013-04-11 21:19:21','2013-04-11 21:19:21'),(692,'studentad7939',7,'male','2013-04-11 21:19:21','2013-04-11 21:19:21'),(693,'student28da06',28,'male','2013-04-11 21:19:21','2013-04-11 21:19:21'),(694,'student8133e3',84,'male','2013-04-11 21:19:21','2013-04-11 21:19:21'),(695,'student50614a',56,'male','2013-04-11 21:19:21','2013-04-11 21:19:21'),(696,'student16592c',8,'male','2013-04-11 21:19:21','2013-04-11 21:19:21'),(697,'student4c5c71',59,'male','2013-04-11 21:19:21','2013-04-11 21:19:21'),(698,'studentb7811e',4,'female','2013-04-11 21:19:21','2013-04-11 21:19:21'),(699,'student640ac6',92,'female','2013-04-11 21:19:21','2013-04-11 21:19:21'),(700,'student94fe88',94,'male','2013-04-11 21:19:21','2013-04-11 21:19:21'),(701,'studentc4649b',74,'female','2013-04-11 21:19:21','2013-04-11 21:19:21'),(702,'student5899fc',31,'female','2013-04-11 21:19:21','2013-04-11 21:19:21'),(703,'student28bb64',96,'male','2013-04-11 21:19:21','2013-04-11 21:19:21'),(704,'student068c69',30,'female','2013-04-11 21:19:21','2013-04-11 21:19:21'),(705,'student0c5220',34,'male','2013-04-11 21:19:21','2013-04-11 21:19:21'),(706,'student4ef59f',88,'male','2013-04-11 21:19:21','2013-04-11 21:19:21'),(707,'studentfa005b',35,'male','2013-04-11 21:19:21','2013-04-11 21:19:21'),(708,'student5019e9',73,'female','2013-04-11 21:19:21','2013-04-11 21:19:21'),(709,'student46e6fd',42,'female','2013-04-11 21:19:21','2013-04-11 21:19:21'),(710,'student4e9a10',47,'male','2013-04-11 21:19:21','2013-04-11 21:19:21'),(711,'studentc389cf',40,'male','2013-04-11 21:19:21','2013-04-11 21:19:21'),(712,'student7d2cf0',72,'female','2013-04-11 21:19:21','2013-04-11 21:19:21'),(713,'student6febe9',46,'male','2013-04-11 21:19:22','2013-04-11 21:19:22'),(714,'student3d7447',58,'male','2013-04-11 21:19:22','2013-04-11 21:19:22'),(715,'student282998',90,'female','2013-04-11 21:19:22','2013-04-11 21:19:22'),(716,'student86a38f',44,'female','2013-04-11 21:19:22','2013-04-11 21:19:22'),(717,'student8eba4e',30,'male','2013-04-11 21:19:22','2013-04-11 21:19:22'),(718,'student89d363',37,'female','2013-04-11 21:19:22','2013-04-11 21:19:22'),(719,'studentfc0216',97,'female','2013-04-11 21:19:22','2013-04-11 21:19:22'),(720,'student9d74d9',69,'male','2013-04-11 21:19:22','2013-04-11 21:19:22'),(721,'student99c4fb',12,'female','2013-04-11 21:19:22','2013-04-11 21:19:22'),(722,'studentdc584d',84,'female','2013-04-11 21:19:22','2013-04-11 21:19:22'),(723,'studentd23abe',15,'female','2013-04-11 21:19:22','2013-04-11 21:19:22'),(724,'student8bd38b',8,'female','2013-04-11 21:19:22','2013-04-11 21:19:22'),(725,'student910c7c',66,'male','2013-04-11 21:19:22','2013-04-11 21:19:22'),(726,'studentc2db17',45,'female','2013-04-11 21:19:22','2013-04-11 21:19:22'),(727,'student7af964',23,'male','2013-04-11 21:19:22','2013-04-11 21:19:22'),(728,'student594df9',84,'male','2013-04-11 21:19:22','2013-04-11 21:19:22'),(729,'studentb92fec',75,'female','2013-04-11 21:19:22','2013-04-11 21:19:22'),(730,'student00fb0f',80,'male','2013-04-11 21:19:22','2013-04-11 21:19:22'),(731,'student37eae0',58,'female','2013-04-11 21:19:22','2013-04-11 21:19:22'),(732,'student9d0bd9',56,'male','2013-04-11 21:19:22','2013-04-11 21:19:22'),(733,'student391641',0,'female','2013-04-11 21:19:22','2013-04-11 21:19:22'),(734,'studentdcc48c',49,'male','2013-04-11 21:19:22','2013-04-11 21:19:22'),(735,'student06d98b',44,'male','2013-04-11 21:19:22','2013-04-11 21:19:22'),(736,'studentd0c86c',88,'female','2013-04-11 21:19:22','2013-04-11 21:19:22'),(737,'studentbbbbd7',72,'female','2013-04-11 21:19:23','2013-04-11 21:19:23'),(738,'student63a769',13,'male','2013-04-11 21:19:23','2013-04-11 21:19:23'),(739,'studentabd3a4',83,'female','2013-04-11 21:19:23','2013-04-11 21:19:23'),(740,'student247b17',82,'male','2013-04-11 21:19:23','2013-04-11 21:19:23'),(741,'studentea64ea',26,'male','2013-04-11 21:19:23','2013-04-11 21:19:23'),(742,'studentfa4ce4',80,'female','2013-04-11 21:19:23','2013-04-11 21:19:23'),(743,'studentfa89e6',83,'female','2013-04-11 21:19:23','2013-04-11 21:19:23'),(744,'student67afe3',82,'female','2013-04-11 21:19:23','2013-04-11 21:19:23'),(745,'studente70410',39,'male','2013-04-11 21:19:23','2013-04-11 21:19:23'),(746,'student249c94',7,'male','2013-04-11 21:19:23','2013-04-11 21:19:23'),(747,'studentae9a90',90,'male','2013-04-11 21:19:23','2013-04-11 21:19:23'),(748,'student4052c9',12,'female','2013-04-11 21:19:23','2013-04-11 21:19:23'),(749,'student3e620d',62,'female','2013-04-11 21:19:23','2013-04-11 21:19:23'),(750,'studenta78f7c',0,'male','2013-04-11 21:19:23','2013-04-11 21:19:23'),(751,'student5341fe',40,'male','2013-04-11 21:19:23','2013-04-11 21:19:23'),(752,'studentc3962c',91,'male','2013-04-11 21:19:23','2013-04-11 21:19:23'),(753,'studentd42fc8',50,'female','2013-04-11 21:19:23','2013-04-11 21:19:23'),(754,'student362581',84,'male','2013-04-11 21:19:23','2013-04-11 21:19:23'),(755,'studentdda846',8,'male','2013-04-11 21:19:23','2013-04-11 21:19:23'),(756,'student8304bc',1,'female','2013-04-11 21:19:23','2013-04-11 21:19:23'),(757,'student9a5652',75,'female','2013-04-11 21:19:23','2013-04-11 21:19:23'),(758,'student44a8f8',49,'female','2013-04-11 21:19:23','2013-04-11 21:19:23'),(759,'student72f2bf',10,'female','2013-04-11 21:19:23','2013-04-11 21:19:23'),(760,'student04f468',31,'male','2013-04-11 21:19:23','2013-04-11 21:19:23'),(761,'student76145e',72,'female','2013-04-11 21:19:24','2013-04-11 21:19:24'),(762,'studente559a1',4,'female','2013-04-11 21:19:24','2013-04-11 21:19:24'),(763,'studentc32788',22,'female','2013-04-11 21:19:24','2013-04-11 21:19:24'),(764,'student8f457b',64,'male','2013-04-11 21:19:24','2013-04-11 21:19:24'),(765,'student5b3eaa',70,'female','2013-04-11 21:19:24','2013-04-11 21:19:24'),(766,'student60b04f',77,'male','2013-04-11 21:19:24','2013-04-11 21:19:24'),(767,'student872878',45,'female','2013-04-11 21:19:24','2013-04-11 21:19:24'),(768,'student9fd23d',30,'female','2013-04-11 21:19:25','2013-04-11 21:19:25'),(769,'studentfebcbf',29,'female','2013-04-11 21:19:25','2013-04-11 21:19:25'),(770,'studentf36746',93,'male','2013-04-11 21:19:25','2013-04-11 21:19:25'),(771,'student8fd6b0',94,'male','2013-04-11 21:19:25','2013-04-11 21:19:25'),(772,'student890189',34,'female','2013-04-11 21:19:25','2013-04-11 21:19:25'),(773,'student563be0',11,'male','2013-04-11 21:19:25','2013-04-11 21:19:25'),(774,'student171eb0',37,'male','2013-04-11 21:19:25','2013-04-11 21:19:25'),(775,'student52ac06',20,'female','2013-04-11 21:19:25','2013-04-11 21:19:25'),(776,'student2eb708',3,'male','2013-04-11 21:19:25','2013-04-11 21:19:25'),(777,'studente6cb75',77,'female','2013-04-11 21:19:25','2013-04-11 21:19:25'),(778,'student366777',43,'female','2013-04-11 21:19:25','2013-04-11 21:19:25'),(779,'studentee9fe4',30,'female','2013-04-11 21:19:25','2013-04-11 21:19:25'),(780,'student8d7f88',72,'male','2013-04-11 21:19:25','2013-04-11 21:19:25'),(781,'studentf59cf6',18,'female','2013-04-11 21:19:25','2013-04-11 21:19:25'),(782,'student63cd34',33,'male','2013-04-11 21:19:25','2013-04-11 21:19:25'),(783,'student1c5592',5,'male','2013-04-11 21:19:25','2013-04-11 21:19:25'),(784,'student68b7ce',59,'male','2013-04-11 21:19:25','2013-04-11 21:19:25'),(785,'student4255cf',42,'male','2013-04-11 21:19:25','2013-04-11 21:19:25'),(786,'student0c77ec',41,'male','2013-04-11 21:19:25','2013-04-11 21:19:25'),(787,'student364bcb',36,'male','2013-04-11 21:19:25','2013-04-11 21:19:25'),(788,'student03dc85',14,'female','2013-04-11 21:19:25','2013-04-11 21:19:25'),(789,'student953369',29,'female','2013-04-11 21:19:25','2013-04-11 21:19:25'),(790,'studentf2a49c',50,'female','2013-04-11 21:19:25','2013-04-11 21:19:25'),(791,'student65f06c',46,'female','2013-04-11 21:19:26','2013-04-11 21:19:26'),(792,'studentedd511',70,'female','2013-04-11 21:19:26','2013-04-11 21:19:26'),(793,'studentba98b9',18,'male','2013-04-11 21:19:26','2013-04-11 21:19:26'),(794,'student784f13',93,'female','2013-04-11 21:19:26','2013-04-11 21:19:26'),(795,'student43fdbf',68,'female','2013-04-11 21:19:26','2013-04-11 21:19:26'),(796,'student43ad2c',91,'male','2013-04-11 21:19:26','2013-04-11 21:19:26'),(797,'studentd1f0ba',9,'male','2013-04-11 21:19:26','2013-04-11 21:19:26'),(798,'student8c620b',19,'male','2013-04-11 21:19:26','2013-04-11 21:19:26'),(799,'student85cf40',8,'female','2013-04-11 21:19:26','2013-04-11 21:19:26'),(800,'student8c1519',55,'female','2013-04-11 21:19:26','2013-04-11 21:19:26'),(801,'student31d157',46,'male','2013-04-11 21:19:26','2013-04-11 21:19:26'),(802,'student1b6de8',79,'male','2013-04-11 21:19:26','2013-04-11 21:19:26'),(803,'studentb8020e',87,'male','2013-04-11 21:19:26','2013-04-11 21:19:26'),(804,'student34aea8',61,'male','2013-04-11 21:19:26','2013-04-11 21:19:26'),(805,'student682593',56,'male','2013-04-11 21:19:26','2013-04-11 21:19:26'),(806,'studentbca9d5',99,'male','2013-04-11 21:19:26','2013-04-11 21:19:26'),(807,'student333c07',8,'female','2013-04-11 21:19:26','2013-04-11 21:19:26'),(808,'student0e8052',82,'female','2013-04-11 21:19:26','2013-04-11 21:19:26'),(809,'student98d9dd',81,'male','2013-04-11 21:19:26','2013-04-11 21:19:26'),(810,'student06b073',52,'male','2013-04-11 21:19:26','2013-04-11 21:19:26'),(811,'student4ef0d3',88,'female','2013-04-11 21:19:26','2013-04-11 21:19:26'),(812,'studentc3beef',64,'male','2013-04-11 21:19:26','2013-04-11 21:19:26'),(813,'student117369',52,'male','2013-04-11 21:19:26','2013-04-11 21:19:26'),(814,'student9e184c',47,'male','2013-04-11 21:19:26','2013-04-11 21:19:26'),(815,'student4b2e44',55,'female','2013-04-11 21:19:26','2013-04-11 21:19:26'),(816,'studente36071',58,'male','2013-04-11 21:19:27','2013-04-11 21:19:27'),(817,'student23fed6',12,'male','2013-04-11 21:19:27','2013-04-11 21:19:27'),(818,'student93c273',48,'male','2013-04-11 21:19:27','2013-04-11 21:19:27'),(819,'student3d26a7',50,'female','2013-04-11 21:19:27','2013-04-11 21:19:27'),(820,'studentd62bd2',14,'male','2013-04-11 21:19:27','2013-04-11 21:19:27'),(821,'studente9e5b8',81,'female','2013-04-11 21:19:27','2013-04-11 21:19:27'),(822,'studentc710a2',98,'male','2013-04-11 21:19:27','2013-04-11 21:19:27'),(823,'student534267',19,'male','2013-04-11 21:19:27','2013-04-11 21:19:27'),(824,'student384bb6',57,'male','2013-04-11 21:19:27','2013-04-11 21:19:27'),(825,'student21d99d',88,'female','2013-04-11 21:19:27','2013-04-11 21:19:27'),(826,'student08a90d',16,'female','2013-04-11 21:19:27','2013-04-11 21:19:27'),(827,'studentfea887',24,'male','2013-04-11 21:19:27','2013-04-11 21:19:27'),(828,'student5310a3',5,'male','2013-04-11 21:19:27','2013-04-11 21:19:27'),(829,'studentd6c96b',49,'female','2013-04-11 21:19:27','2013-04-11 21:19:27'),(830,'student6f62d5',43,'male','2013-04-11 21:19:27','2013-04-11 21:19:27'),(831,'student578a3d',39,'female','2013-04-11 21:19:27','2013-04-11 21:19:27'),(832,'student149ffd',7,'male','2013-04-11 21:19:27','2013-04-11 21:19:27'),(833,'student282366',63,'male','2013-04-11 21:19:27','2013-04-11 21:19:27'),(834,'student446ac9',13,'female','2013-04-11 21:19:28','2013-04-11 21:19:28'),(835,'student53afa5',93,'male','2013-04-11 21:19:28','2013-04-11 21:19:28'),(836,'student756548',16,'male','2013-04-11 21:19:28','2013-04-11 21:19:28'),(837,'studenta83034',94,'female','2013-04-11 21:19:28','2013-04-11 21:19:28'),(838,'studenta25f9a',81,'male','2013-04-11 21:19:28','2013-04-11 21:19:28'),(839,'student9d7ae9',45,'female','2013-04-11 21:19:28','2013-04-11 21:19:28'),(840,'student2c25f5',3,'male','2013-04-11 21:19:28','2013-04-11 21:19:28'),(841,'studente5c060',70,'female','2013-04-11 21:19:28','2013-04-11 21:19:28'),(842,'studentd9a347',14,'female','2013-04-11 21:19:28','2013-04-11 21:19:28'),(843,'studentee4006',16,'male','2013-04-11 21:19:28','2013-04-11 21:19:28'),(844,'studentad1176',38,'male','2013-04-11 21:19:28','2013-04-11 21:19:28'),(845,'student0cb1b4',23,'female','2013-04-11 21:19:28','2013-04-11 21:19:28'),(846,'student4dac07',71,'male','2013-04-11 21:19:28','2013-04-11 21:19:28'),(847,'student124657',69,'male','2013-04-11 21:19:28','2013-04-11 21:19:28'),(848,'studentcc1c4a',33,'female','2013-04-11 21:19:28','2013-04-11 21:19:28'),(849,'student33caf2',11,'female','2013-04-11 21:19:28','2013-04-11 21:19:28'),(850,'studente8c581',74,'male','2013-04-11 21:19:28','2013-04-11 21:19:28'),(851,'student20d56c',30,'female','2013-04-11 21:19:28','2013-04-11 21:19:28'),(852,'student3b4f79',34,'female','2013-04-11 21:19:28','2013-04-11 21:19:28'),(853,'student0edcff',83,'male','2013-04-11 21:19:28','2013-04-11 21:19:28'),(854,'student52da67',92,'male','2013-04-11 21:19:28','2013-04-11 21:19:28'),(855,'studentf88119',32,'male','2013-04-11 21:19:28','2013-04-11 21:19:28'),(856,'student7b03b2',26,'female','2013-04-11 21:19:28','2013-04-11 21:19:28'),(857,'student2c7bc8',25,'female','2013-04-11 21:19:28','2013-04-11 21:19:28'),(858,'student80cc7c',46,'male','2013-04-11 21:19:28','2013-04-11 21:19:28'),(859,'student3b0b75',13,'male','2013-04-11 21:19:29','2013-04-11 21:19:29'),(860,'studentece3e7',9,'female','2013-04-11 21:19:29','2013-04-11 21:19:29'),(861,'student292771',24,'male','2013-04-11 21:19:29','2013-04-11 21:19:29'),(862,'studentc74e2c',82,'male','2013-04-11 21:19:29','2013-04-11 21:19:29'),(863,'studenta9cf42',33,'female','2013-04-11 21:19:29','2013-04-11 21:19:29'),(864,'student90eb10',23,'female','2013-04-11 21:19:29','2013-04-11 21:19:29'),(865,'studentb68cb8',58,'female','2013-04-11 21:19:29','2013-04-11 21:19:29'),(866,'student8f3018',34,'female','2013-04-11 21:19:29','2013-04-11 21:19:29'),(867,'student84bae7',8,'male','2013-04-11 21:19:29','2013-04-11 21:19:29'),(868,'student0315c8',33,'male','2013-04-11 21:19:29','2013-04-11 21:19:29'),(869,'student7d2378',7,'male','2013-04-11 21:19:29','2013-04-11 21:19:29'),(870,'studentd69566',9,'female','2013-04-11 21:19:29','2013-04-11 21:19:29'),(871,'student2b0167',40,'female','2013-04-11 21:19:29','2013-04-11 21:19:29'),(872,'student28d73a',22,'male','2013-04-11 21:19:29','2013-04-11 21:19:29'),(873,'studentacf51a',97,'female','2013-04-11 21:19:29','2013-04-11 21:19:29'),(874,'student130eaa',84,'female','2013-04-11 21:19:29','2013-04-11 21:19:29'),(875,'studentf81438',65,'male','2013-04-11 21:19:29','2013-04-11 21:19:29'),(876,'studentd85fef',35,'female','2013-04-11 21:19:29','2013-04-11 21:19:29'),(877,'student7259e4',17,'male','2013-04-11 21:19:29','2013-04-11 21:19:29'),(878,'student1334be',78,'female','2013-04-11 21:19:29','2013-04-11 21:19:29'),(879,'student752263',98,'male','2013-04-11 21:19:29','2013-04-11 21:19:29'),(880,'student253c35',40,'male','2013-04-11 21:19:29','2013-04-11 21:19:29'),(881,'studentebaae1',58,'female','2013-04-11 21:19:29','2013-04-11 21:19:29'),(882,'student2db4f6',43,'female','2013-04-11 21:19:29','2013-04-11 21:19:29'),(883,'studentc05c91',17,'male','2013-04-11 21:19:29','2013-04-11 21:19:29'),(884,'student16b470',93,'male','2013-04-11 21:19:30','2013-04-11 21:19:30'),(885,'student55510f',69,'male','2013-04-11 21:19:30','2013-04-11 21:19:30'),(886,'student0d4bbd',68,'male','2013-04-11 21:19:30','2013-04-11 21:19:30'),(887,'studente040ab',87,'male','2013-04-11 21:19:30','2013-04-11 21:19:30'),(888,'studentcf2c6d',52,'female','2013-04-11 21:19:30','2013-04-11 21:19:30'),(889,'student1edacb',27,'female','2013-04-11 21:19:30','2013-04-11 21:19:30'),(890,'student1a1808',95,'female','2013-04-11 21:19:30','2013-04-11 21:19:30'),(891,'studentc94eec',58,'male','2013-04-11 21:19:30','2013-04-11 21:19:30'),(892,'studentba3efe',80,'male','2013-04-11 21:19:30','2013-04-11 21:19:30'),(893,'studentb9ca6b',91,'male','2013-04-11 21:19:30','2013-04-11 21:19:30'),(894,'studentc7b1ba',10,'male','2013-04-11 21:19:30','2013-04-11 21:19:30'),(895,'student9cfd28',71,'female','2013-04-11 21:19:30','2013-04-11 21:19:30'),(896,'student408908',47,'female','2013-04-11 21:19:30','2013-04-11 21:19:30'),(897,'student288786',30,'female','2013-04-11 21:19:30','2013-04-11 21:19:30'),(898,'studenta782df',84,'male','2013-04-11 21:19:30','2013-04-11 21:19:30'),(899,'student202fa1',40,'male','2013-04-11 21:19:30','2013-04-11 21:19:30'),(900,'student81dd1d',86,'male','2013-04-11 21:19:30','2013-04-11 21:19:30'),(901,'student415fcf',90,'male','2013-04-11 21:19:30','2013-04-11 21:19:30'),(902,'student89bb0a',79,'female','2013-04-11 21:19:30','2013-04-11 21:19:30'),(903,'studentd50ba3',56,'female','2013-04-11 21:19:30','2013-04-11 21:19:30'),(904,'student5368a3',96,'female','2013-04-11 21:19:30','2013-04-11 21:19:30'),(905,'student9bf8f8',97,'male','2013-04-11 21:19:30','2013-04-11 21:19:30'),(906,'student0324b1',18,'female','2013-04-11 21:19:30','2013-04-11 21:19:30'),(907,'studentf5ecb1',82,'female','2013-04-11 21:19:30','2013-04-11 21:19:30'),(908,'student50d117',61,'female','2013-04-11 21:19:30','2013-04-11 21:19:30'),(909,'student6612ed',92,'male','2013-04-11 21:19:31','2013-04-11 21:19:31'),(910,'studentd5896b',48,'male','2013-04-11 21:19:31','2013-04-11 21:19:31'),(911,'studentbd32be',14,'male','2013-04-11 21:19:31','2013-04-11 21:19:31'),(912,'student8d792c',47,'female','2013-04-11 21:19:31','2013-04-11 21:19:31'),(913,'student75fcce',39,'male','2013-04-11 21:19:31','2013-04-11 21:19:31'),(914,'studentc8f9c0',51,'female','2013-04-11 21:19:31','2013-04-11 21:19:31'),(915,'student7666de',22,'male','2013-04-11 21:19:31','2013-04-11 21:19:31'),(916,'student113327',62,'female','2013-04-11 21:19:31','2013-04-11 21:19:31'),(917,'student9d7f05',49,'female','2013-04-11 21:19:31','2013-04-11 21:19:31'),(918,'student1e99a8',3,'female','2013-04-11 21:19:31','2013-04-11 21:19:31'),(919,'student9909dd',98,'male','2013-04-11 21:19:31','2013-04-11 21:19:31'),(920,'student69473b',37,'female','2013-04-11 21:19:31','2013-04-11 21:19:31'),(921,'student07288d',24,'female','2013-04-11 21:19:31','2013-04-11 21:19:31'),(922,'student160a59',14,'male','2013-04-11 21:19:31','2013-04-11 21:19:31'),(923,'student205f60',6,'male','2013-04-11 21:19:31','2013-04-11 21:19:31'),(924,'student69c8c4',99,'male','2013-04-11 21:19:31','2013-04-11 21:19:31'),(925,'student60c860',69,'male','2013-04-11 21:19:31','2013-04-11 21:19:31'),(926,'student448a7f',27,'female','2013-04-11 21:19:31','2013-04-11 21:19:31'),(927,'student24cd4b',31,'male','2013-04-11 21:19:31','2013-04-11 21:19:31'),(928,'studentbe5a33',37,'male','2013-04-11 21:19:31','2013-04-11 21:19:31'),(929,'studentad2364',26,'female','2013-04-11 21:19:31','2013-04-11 21:19:31'),(930,'studentf71c49',12,'male','2013-04-11 21:19:31','2013-04-11 21:19:31'),(931,'studentacf61c',50,'male','2013-04-11 21:19:31','2013-04-11 21:19:31'),(932,'studentf8932d',84,'male','2013-04-11 21:19:32','2013-04-11 21:19:32'),(933,'studente07019',13,'male','2013-04-11 21:19:32','2013-04-11 21:19:32'),(934,'studenta90be6',74,'male','2013-04-11 21:19:32','2013-04-11 21:19:32'),(935,'student79e957',69,'male','2013-04-11 21:19:32','2013-04-11 21:19:32'),(936,'student963895',52,'female','2013-04-11 21:19:32','2013-04-11 21:19:32'),(937,'studentdb1819',93,'male','2013-04-11 21:19:32','2013-04-11 21:19:32'),(938,'studentdc6ebb',4,'male','2013-04-11 21:19:32','2013-04-11 21:19:32'),(939,'studentd5f4af',0,'male','2013-04-11 21:19:32','2013-04-11 21:19:32'),(940,'student02d359',66,'female','2013-04-11 21:19:32','2013-04-11 21:19:32'),(941,'student076ec7',48,'female','2013-04-11 21:19:32','2013-04-11 21:19:32'),(942,'student5d3f04',70,'female','2013-04-11 21:19:32','2013-04-11 21:19:32'),(943,'studentc0162b',33,'male','2013-04-11 21:19:32','2013-04-11 21:19:32'),(944,'student95189b',83,'male','2013-04-11 21:19:32','2013-04-11 21:19:32'),(945,'student7f598e',74,'male','2013-04-11 21:19:32','2013-04-11 21:19:32'),(946,'student5223b2',34,'male','2013-04-11 21:19:32','2013-04-11 21:19:32'),(947,'student294087',66,'female','2013-04-11 21:19:32','2013-04-11 21:19:32'),(948,'student6b83cc',86,'female','2013-04-11 21:19:32','2013-04-11 21:19:32'),(949,'studentaaadf5',85,'female','2013-04-11 21:19:32','2013-04-11 21:19:32'),(950,'studentbce858',25,'female','2013-04-11 21:19:32','2013-04-11 21:19:32'),(951,'student073ec0',60,'female','2013-04-11 21:19:32','2013-04-11 21:19:32'),(952,'student2dba6e',81,'male','2013-04-11 21:19:32','2013-04-11 21:19:32'),(953,'studenta2bcda',33,'male','2013-04-11 21:19:32','2013-04-11 21:19:32'),(954,'studentdc9897',86,'male','2013-04-11 21:19:32','2013-04-11 21:19:32'),(955,'student9d21ab',88,'male','2013-04-11 21:19:32','2013-04-11 21:19:32'),(956,'student1df1b4',31,'female','2013-04-11 21:19:32','2013-04-11 21:19:32'),(957,'studenta2b925',60,'female','2013-04-11 21:19:33','2013-04-11 21:19:33'),(958,'student0303cb',93,'male','2013-04-11 21:19:33','2013-04-11 21:19:33'),(959,'student89ccf1',80,'female','2013-04-11 21:19:33','2013-04-11 21:19:33'),(960,'studentb75de1',84,'female','2013-04-11 21:19:33','2013-04-11 21:19:33'),(961,'student2d8b1a',0,'female','2013-04-11 21:19:33','2013-04-11 21:19:33'),(962,'studentd3a63a',62,'male','2013-04-11 21:19:33','2013-04-11 21:19:33'),(963,'student85e3f3',0,'female','2013-04-11 21:19:33','2013-04-11 21:19:33'),(964,'student7ee859',11,'male','2013-04-11 21:19:33','2013-04-11 21:19:33'),(965,'student2effce',99,'male','2013-04-11 21:19:33','2013-04-11 21:19:33'),(966,'studentb29c3c',5,'male','2013-04-11 21:19:33','2013-04-11 21:19:33'),(967,'student343dcb',4,'male','2013-04-11 21:19:33','2013-04-11 21:19:33'),(968,'student045382',35,'female','2013-04-11 21:19:33','2013-04-11 21:19:33'),(969,'student83fa87',86,'male','2013-04-11 21:19:33','2013-04-11 21:19:33'),(970,'studentc68fa7',95,'female','2013-04-11 21:19:33','2013-04-11 21:19:33'),(971,'studentd82138',97,'male','2013-04-11 21:19:33','2013-04-11 21:19:33'),(972,'student83a457',48,'male','2013-04-11 21:19:33','2013-04-11 21:19:33'),(973,'studentf50b0b',18,'male','2013-04-11 21:19:33','2013-04-11 21:19:33'),(974,'student96b519',9,'male','2013-04-11 21:19:33','2013-04-11 21:19:33'),(975,'student898fb8',4,'female','2013-04-11 21:19:33','2013-04-11 21:19:33'),(976,'student675d1a',24,'male','2013-04-11 21:19:33','2013-04-11 21:19:33'),(977,'studente25310',4,'male','2013-04-11 21:19:33','2013-04-11 21:19:33'),(978,'student1e78e2',86,'male','2013-04-11 21:19:33','2013-04-11 21:19:33'),(979,'student9e2c3f',69,'male','2013-04-11 21:19:34','2013-04-11 21:19:34'),(980,'studentc630ee',12,'female','2013-04-11 21:19:34','2013-04-11 21:19:34'),(981,'studentb43941',22,'female','2013-04-11 21:19:34','2013-04-11 21:19:34'),(982,'student97e09d',27,'male','2013-04-11 21:19:34','2013-04-11 21:19:34'),(983,'student2c99df',85,'male','2013-04-11 21:19:34','2013-04-11 21:19:34'),(984,'studentb61e64',70,'female','2013-04-11 21:19:34','2013-04-11 21:19:34'),(985,'studentd0cda1',34,'male','2013-04-11 21:19:34','2013-04-11 21:19:34'),(986,'student94a684',13,'male','2013-04-11 21:19:34','2013-04-11 21:19:34'),(987,'student0687a2',85,'male','2013-04-11 21:19:34','2013-04-11 21:19:34'),(988,'student13553f',44,'female','2013-04-11 21:19:34','2013-04-11 21:19:34'),(989,'student4368ad',38,'male','2013-04-11 21:19:34','2013-04-11 21:19:34'),(990,'studentbd84de',73,'male','2013-04-11 21:19:34','2013-04-11 21:19:34'),(991,'studentaf0fd1',95,'female','2013-04-11 21:19:34','2013-04-11 21:19:34'),(992,'student0611c6',10,'female','2013-04-11 21:19:34','2013-04-11 21:19:34'),(993,'studentfabf18',77,'male','2013-04-11 21:19:34','2013-04-11 21:19:34'),(994,'studente4f471',78,'male','2013-04-11 21:19:34','2013-04-11 21:19:34'),(995,'student62defc',21,'male','2013-04-11 21:19:34','2013-04-11 21:19:34'),(996,'student0eefee',92,'female','2013-04-11 21:19:34','2013-04-11 21:19:34'),(997,'studentc366b2',63,'male','2013-04-11 21:19:34','2013-04-11 21:19:34'),(998,'student96a094',41,'male','2013-04-11 21:19:34','2013-04-11 21:19:34'),(999,'student5804c4',66,'female','2013-04-11 21:19:34','2013-04-11 21:19:34'),(1000,'student1ec6d4',73,'female','2013-04-11 21:19:34','2013-04-11 21:19:34'),(1001,'student225278',2,'female','2013-04-11 21:19:34','2013-04-11 21:19:34'),(1002,'student2b6314',70,'female','2013-04-11 21:19:35','2013-04-11 21:19:35'),(1003,'student8b1a40',77,'female','2013-04-11 21:19:35','2013-04-11 21:19:35'),(1004,'student9eddff',68,'female','2013-04-11 21:19:35','2013-04-11 21:19:35'),(1005,'student611b83',75,'male','2013-04-11 21:19:35','2013-04-11 21:19:35'),(1006,'student8f2007',58,'male','2013-04-11 21:19:36','2013-04-11 21:19:36'),(1007,'student1e13c4',42,'male','2013-04-11 21:19:36','2013-04-11 21:19:36'),(1008,'student917741',25,'female','2013-04-11 21:19:36','2013-04-11 21:19:36'),(1009,'student8d45a3',95,'female','2013-04-11 21:19:36','2013-04-11 21:19:36'),(1010,'student21d58f',39,'female','2013-04-11 21:19:36','2013-04-11 21:19:36'),(1011,'studentd8d4c5',64,'female','2013-04-11 21:19:36','2013-04-11 21:19:36'),(1012,'student67773b',20,'female','2013-04-11 21:19:36','2013-04-11 21:19:36'),(1013,'student9855e7',55,'female','2013-04-11 21:19:36','2013-04-11 21:19:36'),(1014,'student55de19',11,'female','2013-04-11 21:19:36','2013-04-11 21:19:36'),(1015,'student5aede1',91,'male','2013-04-11 21:19:36','2013-04-11 21:19:36'),(1016,'student703893',95,'female','2013-04-11 21:19:36','2013-04-11 21:19:36'),(1017,'student9f2fa1',27,'male','2013-04-11 21:19:36','2013-04-11 21:19:36'),(1018,'studentcaec75',95,'male','2013-04-11 21:19:36','2013-04-11 21:19:36'),(1019,'student861e62',66,'male','2013-04-11 21:19:36','2013-04-11 21:19:36'),(1020,'student03ec64',61,'female','2013-04-11 21:19:36','2013-04-11 21:19:36'),(1021,'studentd3b392',34,'male','2013-04-11 21:19:37','2013-04-11 21:19:37'),(1022,'studentcf5df2',69,'female','2013-04-11 21:19:37','2013-04-11 21:19:37'),(1023,'student2face8',88,'female','2013-04-11 21:19:37','2013-04-11 21:19:37'),(1024,'student8a110f',5,'female','2013-04-11 21:19:37','2013-04-11 21:19:37'),(1025,'studentbf9ef6',43,'male','2013-04-11 21:19:37','2013-04-11 21:19:37'),(1026,'student90e807',30,'female','2013-04-11 21:19:37','2013-04-11 21:19:37'),(1027,'student4a01ee',16,'female','2013-04-11 21:19:37','2013-04-11 21:19:37'),(1028,'student10e80f',40,'female','2013-04-11 21:19:37','2013-04-11 21:19:37'),(1029,'studentab1c6a',38,'male','2013-04-11 21:19:37','2013-04-11 21:19:37'),(1030,'studentd4dc5c',1,'female','2013-04-11 21:19:37','2013-04-11 21:19:37'),(1031,'student1aa489',60,'male','2013-04-11 21:19:37','2013-04-11 21:19:37'),(1032,'student8dfd91',48,'female','2013-04-11 21:19:37','2013-04-11 21:19:37'),(1033,'studentf62d99',14,'female','2013-04-11 21:19:37','2013-04-11 21:19:37'),(1034,'student5ace42',84,'female','2013-04-11 21:19:37','2013-04-11 21:19:37'),(1035,'studenta84350',19,'female','2013-04-11 21:19:37','2013-04-11 21:19:37'),(1036,'studentfe6b9e',88,'female','2013-04-11 21:19:37','2013-04-11 21:19:37'),(1037,'studentda40df',62,'male','2013-04-11 21:19:37','2013-04-11 21:19:37'),(1038,'studentaa6b7d',56,'female','2013-04-11 21:19:37','2013-04-11 21:19:37'),(1039,'studentbfb491',5,'male','2013-04-11 21:19:37','2013-04-11 21:19:37'),(1040,'studentcbd78e',1,'female','2013-04-11 21:19:37','2013-04-11 21:19:37'),(1041,'studenta66fe9',8,'male','2013-04-11 21:19:37','2013-04-11 21:19:37'),(1042,'studentf3706b',43,'male','2013-04-11 21:19:37','2013-04-11 21:19:37'),(1043,'studentaf8f3c',66,'female','2013-04-11 21:19:37','2013-04-11 21:19:37'),(1044,'student1a6aeb',26,'male','2013-04-11 21:19:38','2013-04-11 21:19:38'),(1045,'student847f16',12,'male','2013-04-11 21:19:38','2013-04-11 21:19:38'),(1046,'studentdc590e',12,'female','2013-04-11 21:19:38','2013-04-11 21:19:38'),(1047,'studentd572e2',86,'female','2013-04-11 21:19:38','2013-04-11 21:19:38'),(1048,'student434668',47,'male','2013-04-11 21:19:38','2013-04-11 21:19:38'),(1049,'student5fdccf',42,'male','2013-04-11 21:19:38','2013-04-11 21:19:38'),(1050,'student8054b8',27,'female','2013-04-11 21:19:38','2013-04-11 21:19:38'),(1051,'student86d3a0',16,'male','2013-04-11 21:19:38','2013-04-11 21:19:38'),(1052,'student140c10',44,'female','2013-04-11 21:19:38','2013-04-11 21:19:38'),(1053,'studente8809a',68,'female','2013-04-11 21:19:38','2013-04-11 21:19:38'),(1054,'studente2e71f',18,'male','2013-04-11 21:19:38','2013-04-11 21:19:38'),(1055,'student4955af',30,'female','2013-04-11 21:19:38','2013-04-11 21:19:38'),(1056,'studentd6d5ff',28,'male','2013-04-11 21:19:38','2013-04-11 21:19:38'),(1057,'student9b9833',23,'female','2013-04-11 21:19:38','2013-04-11 21:19:38'),(1058,'studentcee698',82,'male','2013-04-11 21:19:38','2013-04-11 21:19:38'),(1059,'studentc1d641',10,'male','2013-04-11 21:19:38','2013-04-11 21:19:38'),(1060,'studentbb8cdc',2,'female','2013-04-11 21:19:38','2013-04-11 21:19:38'),(1061,'student72cb8d',19,'male','2013-04-11 21:19:38','2013-04-11 21:19:38'),(1062,'studentc13500',70,'female','2013-04-11 21:19:38','2013-04-11 21:19:38'),(1063,'studentbf2568',77,'male','2013-04-11 21:19:38','2013-04-11 21:19:38'),(1064,'student79a38f',91,'male','2013-04-11 21:19:38','2013-04-11 21:19:38'),(1065,'studentfaf321',80,'female','2013-04-11 21:19:38','2013-04-11 21:19:38'),(1066,'student12fb08',0,'male','2013-04-11 21:19:38','2013-04-11 21:19:38'),(1067,'student4dcdd1',73,'female','2013-04-11 21:19:39','2013-04-11 21:19:39'),(1068,'student0ae40c',66,'female','2013-04-11 21:19:39','2013-04-11 21:19:39'),(1069,'studenta1803d',40,'female','2013-04-11 21:19:39','2013-04-11 21:19:39'),(1070,'student103821',87,'male','2013-04-11 21:19:39','2013-04-11 21:19:39'),(1071,'student26c263',5,'male','2013-04-11 21:19:39','2013-04-11 21:19:39'),(1072,'student4b2481',84,'female','2013-04-11 21:19:39','2013-04-11 21:19:39'),(1073,'student195b92',61,'male','2013-04-11 21:19:39','2013-04-11 21:19:39'),(1074,'student7eae8f',92,'male','2013-04-11 21:19:39','2013-04-11 21:19:39'),(1075,'student9bb6f2',46,'female','2013-04-11 21:19:39','2013-04-11 21:19:39'),(1076,'studentaa004d',53,'female','2013-04-11 21:19:39','2013-04-11 21:19:39'),(1077,'student34d87a',60,'female','2013-04-11 21:19:39','2013-04-11 21:19:39'),(1078,'studentf66e9c',34,'female','2013-04-11 21:19:39','2013-04-11 21:19:39'),(1079,'studentfdb1b2',89,'female','2013-04-11 21:19:39','2013-04-11 21:19:39'),(1080,'student252927',85,'male','2013-04-11 21:19:39','2013-04-11 21:19:39'),(1081,'student8fe42c',14,'female','2013-04-11 21:19:39','2013-04-11 21:19:39'),(1082,'studentae582d',69,'female','2013-04-11 21:19:39','2013-04-11 21:19:39'),(1083,'student20e569',24,'female','2013-04-11 21:19:39','2013-04-11 21:19:39'),(1084,'student86bdff',75,'male','2013-04-11 21:19:39','2013-04-11 21:19:39'),(1085,'student2b4b7a',5,'male','2013-04-11 21:19:39','2013-04-11 21:19:39'),(1086,'student3c8658',82,'female','2013-04-11 21:19:39','2013-04-11 21:19:39'),(1087,'student0fac47',89,'male','2013-04-11 21:19:39','2013-04-11 21:19:39'),(1088,'studentf06e7e',68,'male','2013-04-11 21:19:39','2013-04-11 21:19:39'),(1089,'studenta5d657',9,'female','2013-04-11 21:19:39','2013-04-11 21:19:39'),(1090,'studentbf2476',85,'female','2013-04-11 21:19:39','2013-04-11 21:19:39'),(1091,'student2145f9',83,'male','2013-04-11 21:19:39','2013-04-11 21:19:39'),(1092,'student9c46cc',83,'female','2013-04-11 21:19:40','2013-04-11 21:19:40'),(1093,'studenta5ecb3',43,'male','2013-04-11 21:19:40','2013-04-11 21:19:40'),(1094,'student6bd777',38,'female','2013-04-11 21:19:40','2013-04-11 21:19:40'),(1095,'student890be4',26,'female','2013-04-11 21:19:40','2013-04-11 21:19:40'),(1096,'studentd1a703',78,'female','2013-04-11 21:19:40','2013-04-11 21:19:40'),(1097,'student90f005',4,'female','2013-04-11 21:19:40','2013-04-11 21:19:40'),(1098,'studentb8fc51',79,'female','2013-04-11 21:19:40','2013-04-11 21:19:40'),(1099,'studentff1688',82,'female','2013-04-11 21:19:40','2013-04-11 21:19:40'),(1100,'student1eeedd',24,'female','2013-04-11 21:19:40','2013-04-11 21:19:40'),(1101,'student5ec68c',80,'male','2013-04-11 21:19:40','2013-04-11 21:19:40'),(1102,'student13747e',90,'male','2013-04-11 21:19:40','2013-04-11 21:19:40'),(1103,'student403fc7',42,'male','2013-04-11 21:19:40','2013-04-11 21:19:40'),(1104,'student24d9b2',69,'male','2013-04-11 21:19:40','2013-04-11 21:19:40'),(1105,'studenta2f51e',78,'female','2013-04-11 21:19:40','2013-04-11 21:19:40'),(1106,'student71a59b',59,'female','2013-04-11 21:19:40','2013-04-11 21:19:40'),(1107,'student0afec5',89,'male','2013-04-11 21:19:40','2013-04-11 21:19:40'),(1108,'studentb3814b',23,'female','2013-04-11 21:19:40','2013-04-11 21:19:40'),(1109,'student91cc55',63,'male','2013-04-11 21:19:41','2013-04-11 21:19:41'),(1110,'studentb0f096',37,'female','2013-04-11 21:19:41','2013-04-11 21:19:41'),(1111,'student30a88e',0,'female','2013-04-11 21:19:41','2013-04-11 21:19:41'),(1112,'student775bd9',13,'female','2013-04-11 21:19:41','2013-04-11 21:19:41'),(1113,'studentf733ca',44,'male','2013-04-11 21:19:41','2013-04-11 21:19:41'),(1114,'student539ba7',10,'female','2013-04-11 21:19:41','2013-04-11 21:19:41'),(1115,'student9d028f',65,'male','2013-04-11 21:19:41','2013-04-11 21:19:41'),(1116,'studentf2f571',74,'male','2013-04-11 21:19:41','2013-04-11 21:19:41'),(1117,'student8fc2f9',60,'female','2013-04-11 21:19:41','2013-04-11 21:19:41'),(1118,'studente4371b',3,'female','2013-04-11 21:19:41','2013-04-11 21:19:41'),(1119,'student6158e6',36,'male','2013-04-11 21:19:41','2013-04-11 21:19:41'),(1120,'studenta9128c',43,'male','2013-04-11 21:19:41','2013-04-11 21:19:41'),(1121,'studente73e56',58,'female','2013-04-11 21:19:41','2013-04-11 21:19:41'),(1122,'studentdc1341',51,'female','2013-04-11 21:19:41','2013-04-11 21:19:41'),(1123,'student476613',1,'male','2013-04-11 21:19:41','2013-04-11 21:19:41'),(1124,'student6bb5e7',43,'male','2013-04-11 21:19:41','2013-04-11 21:19:41'),(1125,'studentc0eefb',5,'female','2013-04-11 21:19:41','2013-04-11 21:19:41'),(1126,'student791cae',83,'male','2013-04-11 21:19:41','2013-04-11 21:19:41'),(1127,'student2b2649',32,'female','2013-04-11 21:19:41','2013-04-11 21:19:41'),(1128,'student8d2162',57,'female','2013-04-11 21:19:41','2013-04-11 21:19:41'),(1129,'student997338',74,'female','2013-04-11 21:19:41','2013-04-11 21:19:41'),(1130,'studenta5cfde',47,'female','2013-04-11 21:19:41','2013-04-11 21:19:41'),(1131,'studentbc1ead',44,'male','2013-04-11 21:19:41','2013-04-11 21:19:41'),(1132,'studentae0441',39,'male','2013-04-11 21:19:42','2013-04-11 21:19:42'),(1133,'student6187ec',24,'male','2013-04-11 21:19:42','2013-04-11 21:19:42'),(1134,'studenta5396f',8,'male','2013-04-11 21:19:42','2013-04-11 21:19:42'),(1135,'student24f04b',8,'female','2013-04-11 21:19:42','2013-04-11 21:19:42'),(1136,'student034fcc',15,'female','2013-04-11 21:19:42','2013-04-11 21:19:42'),(1137,'student0bacb8',65,'female','2013-04-11 21:19:42','2013-04-11 21:19:42'),(1138,'student67812d',39,'female','2013-04-11 21:19:42','2013-04-11 21:19:42'),(1139,'student2613b1',7,'male','2013-04-11 21:19:42','2013-04-11 21:19:42'),(1140,'student95271b',49,'male','2013-04-11 21:19:42','2013-04-11 21:19:42'),(1141,'student75f2a9',50,'female','2013-04-11 21:19:42','2013-04-11 21:19:42'),(1142,'student5be7af',26,'male','2013-04-11 21:19:42','2013-04-11 21:19:42'),(1143,'student479c3c',80,'male','2013-04-11 21:19:42','2013-04-11 21:19:42'),(1144,'student33fffd',74,'female','2013-04-11 21:19:42','2013-04-11 21:19:42'),(1145,'student094d60',62,'female','2013-04-11 21:19:42','2013-04-11 21:19:42'),(1146,'studentad12af',0,'female','2013-04-11 21:19:42','2013-04-11 21:19:42'),(1147,'studentabc0a7',36,'male','2013-04-11 21:19:42','2013-04-11 21:19:42'),(1148,'student535f0b',1,'female','2013-04-11 21:19:42','2013-04-11 21:19:42'),(1149,'student8facdb',13,'male','2013-04-11 21:19:42','2013-04-11 21:19:42'),(1150,'student746b2e',8,'female','2013-04-11 21:19:42','2013-04-11 21:19:42'),(1151,'student1d7115',32,'male','2013-04-11 21:19:42','2013-04-11 21:19:42'),(1152,'student84e36f',66,'male','2013-04-11 21:19:42','2013-04-11 21:19:42'),(1153,'student41b57e',59,'male','2013-04-11 21:19:42','2013-04-11 21:19:42'),(1154,'student036c6c',93,'male','2013-04-11 21:19:42','2013-04-11 21:19:42'),(1155,'student2e1603',89,'male','2013-04-11 21:19:42','2013-04-11 21:19:42'),(1156,'student576d05',31,'male','2013-04-11 21:19:43','2013-04-11 21:19:43'),(1157,'studente8b3d2',61,'male','2013-04-11 21:19:43','2013-04-11 21:19:43'),(1158,'student9b4649',87,'male','2013-04-11 21:19:43','2013-04-11 21:19:43'),(1159,'student256031',10,'male','2013-04-11 21:19:43','2013-04-11 21:19:43'),(1160,'studentc50181',35,'male','2013-04-11 21:19:43','2013-04-11 21:19:43'),(1161,'student9e5ad9',74,'female','2013-04-11 21:19:43','2013-04-11 21:19:43'),(1162,'studenta2be52',94,'female','2013-04-11 21:19:43','2013-04-11 21:19:43'),(1163,'student0eab1b',12,'female','2013-04-11 21:19:43','2013-04-11 21:19:43'),(1164,'student5b4053',83,'female','2013-04-11 21:19:43','2013-04-11 21:19:43'),(1165,'studente92670',71,'male','2013-04-11 21:19:43','2013-04-11 21:19:43'),(1166,'studentaba6f7',19,'female','2013-04-11 21:19:43','2013-04-11 21:19:43'),(1167,'student52948f',56,'male','2013-04-11 21:19:43','2013-04-11 21:19:43'),(1168,'student0c6f34',16,'male','2013-04-11 21:19:43','2013-04-11 21:19:43'),(1169,'studente057cd',0,'male','2013-04-11 21:19:43','2013-04-11 21:19:43'),(1170,'student03315a',32,'female','2013-04-11 21:19:43','2013-04-11 21:19:43'),(1171,'student292277',46,'male','2013-04-11 21:19:43','2013-04-11 21:19:43'),(1172,'studente99c50',2,'male','2013-04-11 21:19:43','2013-04-11 21:19:43'),(1173,'studentf267c3',31,'male','2013-04-11 21:19:43','2013-04-11 21:19:43'),(1174,'student9c8863',19,'female','2013-04-11 21:19:43','2013-04-11 21:19:43'),(1175,'student8fa9b5',76,'female','2013-04-11 21:19:43','2013-04-11 21:19:43'),(1176,'studentec51bb',90,'male','2013-04-11 21:19:43','2013-04-11 21:19:43'),(1177,'studentc6aed1',56,'female','2013-04-11 21:19:43','2013-04-11 21:19:43'),(1178,'studentc49db3',47,'male','2013-04-11 21:19:43','2013-04-11 21:19:43'),(1179,'student32567d',58,'male','2013-04-11 21:19:43','2013-04-11 21:19:43'),(1180,'student5a237f',82,'male','2013-04-11 21:19:44','2013-04-11 21:19:44'),(1181,'student9ebb56',78,'male','2013-04-11 21:19:44','2013-04-11 21:19:44'),(1182,'student56afd3',94,'female','2013-04-11 21:19:44','2013-04-11 21:19:44'),(1183,'student9498a3',98,'female','2013-04-11 21:19:44','2013-04-11 21:19:44'),(1184,'student795f42',47,'male','2013-04-11 21:19:44','2013-04-11 21:19:44'),(1185,'student642e82',78,'female','2013-04-11 21:19:44','2013-04-11 21:19:44'),(1186,'student2c2dd4',36,'male','2013-04-11 21:19:44','2013-04-11 21:19:44'),(1187,'student0d0bb7',10,'female','2013-04-11 21:19:44','2013-04-11 21:19:44'),(1188,'student797d2b',12,'female','2013-04-11 21:19:44','2013-04-11 21:19:44'),(1189,'student2c9890',24,'male','2013-04-11 21:19:44','2013-04-11 21:19:44'),(1190,'student7d881d',77,'male','2013-04-11 21:19:44','2013-04-11 21:19:44'),(1191,'student6e87cc',63,'male','2013-04-11 21:19:44','2013-04-11 21:19:44'),(1192,'student4ad204',67,'male','2013-04-11 21:19:44','2013-04-11 21:19:44'),(1193,'student8a2184',21,'female','2013-04-11 21:19:44','2013-04-11 21:19:44'),(1194,'student16b527',90,'male','2013-04-11 21:19:44','2013-04-11 21:19:44'),(1195,'studentee91b4',54,'male','2013-04-11 21:19:44','2013-04-11 21:19:44'),(1196,'student8c333d',83,'female','2013-04-11 21:19:44','2013-04-11 21:19:44'),(1197,'student384cea',45,'male','2013-04-11 21:19:44','2013-04-11 21:19:44'),(1198,'student7c9ab8',41,'male','2013-04-11 21:19:44','2013-04-11 21:19:44'),(1199,'studente015e4',47,'female','2013-04-11 21:19:44','2013-04-11 21:19:44'),(1200,'student51ee70',41,'female','2013-04-11 21:19:44','2013-04-11 21:19:44'),(1201,'student0a9b93',37,'female','2013-04-11 21:19:44','2013-04-11 21:19:44'),(1202,'studentaea1b0',0,'male','2013-04-11 21:19:44','2013-04-11 21:19:44'),(1203,'student026e05',10,'male','2013-04-11 21:19:45','2013-04-11 21:19:45'),(1204,'studentc8bad3',27,'male','2013-04-11 21:19:45','2013-04-11 21:19:45'),(1205,'student0cbd0b',63,'female','2013-04-11 21:19:45','2013-04-11 21:19:45'),(1206,'student403670',88,'male','2013-04-11 21:19:45','2013-04-11 21:19:45'),(1207,'studente41331',5,'female','2013-04-11 21:19:45','2013-04-11 21:19:45'),(1208,'studentfb1eaa',3,'male','2013-04-11 21:19:45','2013-04-11 21:19:45'),(1209,'studentf609ba',44,'male','2013-04-11 21:19:45','2013-04-11 21:19:45'),(1210,'studentf7fe1d',61,'female','2013-04-11 21:19:45','2013-04-11 21:19:45'),(1211,'student20245f',57,'female','2013-04-11 21:19:45','2013-04-11 21:19:45'),(1212,'student36aed0',5,'female','2013-04-11 21:19:45','2013-04-11 21:19:45'),(1213,'studentda5a71',36,'male','2013-04-11 21:19:45','2013-04-11 21:19:45'),(1214,'studentbb2432',85,'female','2013-04-11 21:19:45','2013-04-11 21:19:45'),(1215,'student9ef53a',81,'female','2013-04-11 21:19:45','2013-04-11 21:19:45'),(1216,'student1b0d11',32,'male','2013-04-11 21:19:45','2013-04-11 21:19:45'),(1217,'student38aa20',47,'female','2013-04-11 21:19:45','2013-04-11 21:19:45'),(1218,'studentb37191',14,'female','2013-04-11 21:19:45','2013-04-11 21:19:45'),(1219,'student82df04',54,'female','2013-04-11 21:19:45','2013-04-11 21:19:45'),(1220,'student374976',1,'male','2013-04-11 21:19:45','2013-04-11 21:19:45'),(1221,'studenteeff4b',54,'male','2013-04-11 21:19:45','2013-04-11 21:19:45'),(1222,'studente706d8',86,'male','2013-04-11 21:19:45','2013-04-11 21:19:45'),(1223,'student50e23e',84,'female','2013-04-11 21:19:45','2013-04-11 21:19:45'),(1224,'student29784d',12,'female','2013-04-11 21:19:45','2013-04-11 21:19:45'),(1225,'student505c1d',79,'female','2013-04-11 21:19:45','2013-04-11 21:19:45'),(1226,'student8266ed',35,'female','2013-04-11 21:19:46','2013-04-11 21:19:46'),(1227,'student09c28f',90,'male','2013-04-11 21:19:46','2013-04-11 21:19:46'),(1228,'student20d66f',27,'male','2013-04-11 21:19:46','2013-04-11 21:19:46'),(1229,'studenta9a84f',70,'female','2013-04-11 21:19:46','2013-04-11 21:19:46'),(1230,'student8b6e42',97,'female','2013-04-11 21:19:46','2013-04-11 21:19:46'),(1231,'student4bbb05',87,'male','2013-04-11 21:19:46','2013-04-11 21:19:46'),(1232,'student6e825d',15,'female','2013-04-11 21:19:46','2013-04-11 21:19:46'),(1233,'student4856c5',60,'male','2013-04-11 21:19:47','2013-04-11 21:19:47'),(1234,'student39bdb9',39,'male','2013-04-11 21:19:47','2013-04-11 21:19:47'),(1235,'student10b0c3',3,'male','2013-04-11 21:19:47','2013-04-11 21:19:47'),(1236,'student5b7bdb',74,'male','2013-04-11 21:19:47','2013-04-11 21:19:47'),(1237,'student34c4b5',3,'male','2013-04-11 21:19:47','2013-04-11 21:19:47'),(1238,'student51f1da',37,'female','2013-04-11 21:19:47','2013-04-11 21:19:47'),(1239,'studentcd0ebb',36,'female','2013-04-11 21:19:47','2013-04-11 21:19:47'),(1240,'student4e3ea9',38,'male','2013-04-11 21:19:47','2013-04-11 21:19:47'),(1241,'studentf1846e',13,'male','2013-04-11 21:19:47','2013-04-11 21:19:47'),(1242,'student088c43',83,'male','2013-04-11 21:19:47','2013-04-11 21:19:47'),(1243,'studenta0d3d9',76,'female','2013-04-11 21:19:47','2013-04-11 21:19:47'),(1244,'studentab7c28',36,'male','2013-04-11 21:19:47','2013-04-11 21:19:47'),(1245,'studenta3fcb8',18,'female','2013-04-11 21:19:47','2013-04-11 21:19:47'),(1246,'student3168c0',90,'female','2013-04-11 21:19:47','2013-04-11 21:19:47'),(1247,'studenteca9f0',69,'female','2013-04-11 21:19:47','2013-04-11 21:19:47'),(1248,'student9616e5',23,'female','2013-04-11 21:19:47','2013-04-11 21:19:47'),(1249,'studentc7a016',20,'male','2013-04-11 21:19:47','2013-04-11 21:19:47'),(1250,'student0d0160',40,'female','2013-04-11 21:19:47','2013-04-11 21:19:47'),(1251,'studentbb5e2d',81,'male','2013-04-11 21:19:47','2013-04-11 21:19:47'),(1252,'student892eec',33,'female','2013-04-11 21:19:47','2013-04-11 21:19:47'),(1253,'studentce0ab3',3,'female','2013-04-11 21:19:47','2013-04-11 21:19:47'),(1254,'student6efa04',83,'male','2013-04-11 21:19:47','2013-04-11 21:19:47'),(1255,'student9c5a17',97,'female','2013-04-11 21:19:47','2013-04-11 21:19:47'),(1256,'student150bfa',95,'male','2013-04-11 21:19:48','2013-04-11 21:19:48'),(1257,'student67d4f6',82,'male','2013-04-11 21:19:48','2013-04-11 21:19:48'),(1258,'student826c39',98,'female','2013-04-11 21:19:48','2013-04-11 21:19:48'),(1259,'studentd51f2d',21,'male','2013-04-11 21:19:48','2013-04-11 21:19:48'),(1260,'student7c4dc3',48,'male','2013-04-11 21:19:48','2013-04-11 21:19:48'),(1261,'studenta36a3e',14,'female','2013-04-11 21:19:48','2013-04-11 21:19:48'),(1262,'student07b82f',57,'male','2013-04-11 21:19:48','2013-04-11 21:19:48'),(1263,'student66c718',60,'male','2013-04-11 21:19:48','2013-04-11 21:19:48'),(1264,'studentf9574b',59,'female','2013-04-11 21:19:48','2013-04-11 21:19:48'),(1265,'student7d3883',17,'female','2013-04-11 21:19:48','2013-04-11 21:19:48'),(1266,'studenta7cd78',27,'female','2013-04-11 21:19:48','2013-04-11 21:19:48'),(1267,'student4df347',0,'male','2013-04-11 21:19:48','2013-04-11 21:19:48'),(1268,'student4920e0',86,'male','2013-04-11 21:19:48','2013-04-11 21:19:48'),(1269,'student5fe08f',75,'male','2013-04-11 21:19:48','2013-04-11 21:19:48'),(1270,'student1d5b05',29,'male','2013-04-11 21:19:48','2013-04-11 21:19:48'),(1271,'student307059',0,'male','2013-04-11 21:19:48','2013-04-11 21:19:48'),(1272,'studentc911ef',57,'female','2013-04-11 21:19:48','2013-04-11 21:19:48'),(1273,'studente9cf84',52,'male','2013-04-11 21:19:48','2013-04-11 21:19:48'),(1274,'student84ac32',83,'male','2013-04-11 21:19:48','2013-04-11 21:19:48'),(1275,'studentcf8a15',59,'male','2013-04-11 21:19:48','2013-04-11 21:19:48'),(1276,'student7d38d8',93,'male','2013-04-11 21:19:48','2013-04-11 21:19:48'),(1277,'studentcc95ad',83,'female','2013-04-11 21:19:48','2013-04-11 21:19:48'),(1278,'student9d32db',48,'male','2013-04-11 21:19:48','2013-04-11 21:19:48'),(1279,'studentc8e608',61,'female','2013-04-11 21:19:48','2013-04-11 21:19:48'),(1280,'student42da43',77,'female','2013-04-11 21:19:49','2013-04-11 21:19:49'),(1281,'student9390e2',95,'female','2013-04-11 21:19:49','2013-04-11 21:19:49'),(1282,'studenta1fbb9',32,'male','2013-04-11 21:19:49','2013-04-11 21:19:49'),(1283,'student0d6bdd',17,'female','2013-04-11 21:19:49','2013-04-11 21:19:49'),(1284,'student33c943',82,'female','2013-04-11 21:19:49','2013-04-11 21:19:49'),(1285,'studentfa7f36',28,'female','2013-04-11 21:19:49','2013-04-11 21:19:49'),(1286,'student08f629',40,'female','2013-04-11 21:19:49','2013-04-11 21:19:49'),(1287,'student9b020c',71,'male','2013-04-11 21:19:49','2013-04-11 21:19:49'),(1288,'student511645',66,'male','2013-04-11 21:19:49','2013-04-11 21:19:49'),(1289,'student767355',95,'male','2013-04-11 21:19:49','2013-04-11 21:19:49'),(1290,'student64310a',46,'male','2013-04-11 21:19:49','2013-04-11 21:19:49'),(1291,'student8d7934',92,'male','2013-04-11 21:19:49','2013-04-11 21:19:49'),(1292,'studentca31a7',95,'male','2013-04-11 21:19:49','2013-04-11 21:19:49'),(1293,'student77203e',68,'male','2013-04-11 21:19:49','2013-04-11 21:19:49'),(1294,'student0ae515',36,'female','2013-04-11 21:19:49','2013-04-11 21:19:49'),(1295,'student5a80e3',14,'female','2013-04-11 21:19:49','2013-04-11 21:19:49'),(1296,'student602733',16,'female','2013-04-11 21:19:49','2013-04-11 21:19:49'),(1297,'studentb04e62',12,'female','2013-04-11 21:19:49','2013-04-11 21:19:49'),(1298,'studentf690e8',1,'female','2013-04-11 21:19:49','2013-04-11 21:19:49'),(1299,'studentbdd3f1',36,'female','2013-04-11 21:19:49','2013-04-11 21:19:49'),(1300,'student09d733',42,'female','2013-04-11 21:19:49','2013-04-11 21:19:49'),(1301,'student264583',46,'male','2013-04-11 21:19:49','2013-04-11 21:19:49'),(1302,'student229676',52,'male','2013-04-11 21:19:49','2013-04-11 21:19:49'),(1303,'student609bbf',2,'male','2013-04-11 21:19:49','2013-04-11 21:19:49'),(1304,'studenta68906',79,'female','2013-04-11 21:19:50','2013-04-11 21:19:50'),(1305,'student747d3b',58,'female','2013-04-11 21:19:50','2013-04-11 21:19:50'),(1306,'student3b7829',76,'male','2013-04-11 21:19:50','2013-04-11 21:19:50'),(1307,'studentecc319',29,'female','2013-04-11 21:19:50','2013-04-11 21:19:50'),(1308,'student93eb89',35,'male','2013-04-11 21:19:50','2013-04-11 21:19:50'),(1309,'student7b33fb',18,'male','2013-04-11 21:19:50','2013-04-11 21:19:50'),(1310,'student6164bb',26,'female','2013-04-11 21:19:50','2013-04-11 21:19:50'),(1311,'student9b6f61',13,'male','2013-04-11 21:19:50','2013-04-11 21:19:50'),(1312,'student371337',83,'female','2013-04-11 21:19:50','2013-04-11 21:19:50'),(1313,'studentb08bb6',37,'female','2013-04-11 21:19:50','2013-04-11 21:19:50'),(1314,'student2b3392',45,'male','2013-04-11 21:19:50','2013-04-11 21:19:50'),(1315,'studentabdf70',56,'male','2013-04-11 21:19:50','2013-04-11 21:19:50'),(1316,'studentcd7fda',42,'male','2013-04-11 21:19:50','2013-04-11 21:19:50'),(1317,'student5c0015',84,'female','2013-04-11 21:19:50','2013-04-11 21:19:50'),(1318,'studentc56ca4',1,'male','2013-04-11 21:19:50','2013-04-11 21:19:50'),(1319,'student282337',43,'female','2013-04-11 21:19:50','2013-04-11 21:19:50'),(1320,'student273c48',75,'female','2013-04-11 21:19:50','2013-04-11 21:19:50'),(1321,'studentc47cea',16,'female','2013-04-11 21:19:50','2013-04-11 21:19:50'),(1322,'student439f08',86,'female','2013-04-11 21:19:50','2013-04-11 21:19:50'),(1323,'student58c331',41,'female','2013-04-11 21:19:50','2013-04-11 21:19:50'),(1324,'student519e1f',9,'male','2013-04-11 21:19:50','2013-04-11 21:19:50'),(1325,'studentb0e0d7',92,'male','2013-04-11 21:19:50','2013-04-11 21:19:50'),(1326,'studenta33eaa',13,'female','2013-04-11 21:19:50','2013-04-11 21:19:50'),(1327,'student880379',56,'male','2013-04-11 21:19:51','2013-04-11 21:19:51'),(1328,'studenta04c4c',16,'male','2013-04-11 21:19:51','2013-04-11 21:19:51'),(1329,'studentdd8104',25,'female','2013-04-11 21:19:51','2013-04-11 21:19:51'),(1330,'student1c3c35',88,'male','2013-04-11 21:19:51','2013-04-11 21:19:51'),(1331,'student0f1008',85,'female','2013-04-11 21:19:51','2013-04-11 21:19:51'),(1332,'studentd6ed5f',98,'male','2013-04-11 21:19:51','2013-04-11 21:19:51'),(1333,'studenteea295',11,'female','2013-04-11 21:19:51','2013-04-11 21:19:51'),(1334,'studentdf3f98',42,'male','2013-04-11 21:19:51','2013-04-11 21:19:51'),(1335,'student8c4bf2',10,'male','2013-04-11 21:19:51','2013-04-11 21:19:51'),(1336,'student01e20c',90,'male','2013-04-11 21:19:51','2013-04-11 21:19:51'),(1337,'student6b12f4',76,'male','2013-04-11 21:19:51','2013-04-11 21:19:51'),(1338,'student627bad',80,'female','2013-04-11 21:19:51','2013-04-11 21:19:51'),(1339,'student79927e',42,'female','2013-04-11 21:19:51','2013-04-11 21:19:51'),(1340,'student7b9f15',33,'female','2013-04-11 21:19:51','2013-04-11 21:19:51'),(1341,'student41b446',87,'female','2013-04-11 21:19:51','2013-04-11 21:19:51'),(1342,'student6e2be1',39,'male','2013-04-11 21:19:51','2013-04-11 21:19:51'),(1343,'studentc20d5c',81,'female','2013-04-11 21:19:51','2013-04-11 21:19:51'),(1344,'student156a5f',20,'female','2013-04-11 21:19:51','2013-04-11 21:19:51'),(1345,'studentd6e8c9',36,'male','2013-04-11 21:19:51','2013-04-11 21:19:51'),(1346,'student3dd905',34,'male','2013-04-11 21:19:51','2013-04-11 21:19:51'),(1347,'student197484',61,'female','2013-04-11 21:19:51','2013-04-11 21:19:51'),(1348,'student3f87a2',16,'female','2013-04-11 21:19:51','2013-04-11 21:19:51'),(1349,'student488336',98,'male','2013-04-11 21:19:51','2013-04-11 21:19:51'),(1350,'studentb8605a',31,'female','2013-04-11 21:19:52','2013-04-11 21:19:52'),(1351,'studentf84c8d',11,'female','2013-04-11 21:19:52','2013-04-11 21:19:52'),(1352,'student131e2f',8,'male','2013-04-11 21:19:52','2013-04-11 21:19:52'),(1353,'studentd18454',17,'male','2013-04-11 21:19:52','2013-04-11 21:19:52'),(1354,'student208257',80,'female','2013-04-11 21:19:52','2013-04-11 21:19:52'),(1355,'student42a0f3',60,'male','2013-04-11 21:19:52','2013-04-11 21:19:52'),(1356,'student55dfc0',8,'male','2013-04-11 21:19:52','2013-04-11 21:19:52'),(1357,'studentc8393d',85,'male','2013-04-11 21:19:52','2013-04-11 21:19:52'),(1358,'studentf741b5',52,'male','2013-04-11 21:19:52','2013-04-11 21:19:52'),(1359,'studentb63e31',9,'male','2013-04-11 21:19:52','2013-04-11 21:19:52'),(1360,'studentd6e35a',2,'female','2013-04-11 21:19:52','2013-04-11 21:19:52'),(1361,'student949928',10,'male','2013-04-11 21:19:52','2013-04-11 21:19:52'),(1362,'student5b1175',31,'female','2013-04-11 21:19:52','2013-04-11 21:19:52'),(1363,'student944256',29,'male','2013-04-11 21:19:52','2013-04-11 21:19:52'),(1364,'student0d2aad',61,'male','2013-04-11 21:19:52','2013-04-11 21:19:52'),(1365,'studentb237b1',69,'male','2013-04-11 21:19:52','2013-04-11 21:19:52'),(1366,'studentb830ea',64,'male','2013-04-11 21:19:52','2013-04-11 21:19:52'),(1367,'studentda7d3c',41,'male','2013-04-11 21:19:52','2013-04-11 21:19:52'),(1368,'student9d666f',68,'female','2013-04-11 21:19:52','2013-04-11 21:19:52'),(1369,'studentd5caa1',59,'female','2013-04-11 21:19:52','2013-04-11 21:19:52'),(1370,'studentc572b0',47,'female','2013-04-11 21:19:52','2013-04-11 21:19:52'),(1371,'student34ab10',89,'male','2013-04-11 21:19:52','2013-04-11 21:19:52'),(1372,'student22ed61',96,'male','2013-04-11 21:19:52','2013-04-11 21:19:52'),(1373,'student91b5eb',1,'male','2013-04-11 21:19:52','2013-04-11 21:19:52'),(1374,'student44a24f',9,'male','2013-04-11 21:19:52','2013-04-11 21:19:52'),(1375,'student6831d3',30,'male','2013-04-11 21:19:52','2013-04-11 21:19:52'),(1376,'student383e47',36,'female','2013-04-11 21:19:53','2013-04-11 21:19:53'),(1377,'studentbb998d',80,'female','2013-04-11 21:19:53','2013-04-11 21:19:53'),(1378,'studentd70c79',50,'female','2013-04-11 21:19:53','2013-04-11 21:19:53'),(1379,'student75b019',37,'female','2013-04-11 21:19:53','2013-04-11 21:19:53'),(1380,'studentfc843f',72,'male','2013-04-11 21:19:53','2013-04-11 21:19:53'),(1381,'studentf41128',37,'male','2013-04-11 21:19:53','2013-04-11 21:19:53'),(1382,'student88bd2b',35,'female','2013-04-11 21:19:53','2013-04-11 21:19:53'),(1383,'student8ceee7',68,'male','2013-04-11 21:19:53','2013-04-11 21:19:53'),(1384,'studentc4eef8',13,'male','2013-04-11 21:19:53','2013-04-11 21:19:53'),(1385,'student7cd8da',29,'female','2013-04-11 21:19:53','2013-04-11 21:19:53'),(1386,'studentda7ce4',74,'male','2013-04-11 21:19:53','2013-04-11 21:19:53'),(1387,'student79a73e',57,'male','2013-04-11 21:19:53','2013-04-11 21:19:53'),(1388,'student739196',97,'male','2013-04-11 21:19:53','2013-04-11 21:19:53'),(1389,'student961788',57,'female','2013-04-11 21:19:53','2013-04-11 21:19:53'),(1390,'studentd8e8b1',48,'male','2013-04-11 21:19:53','2013-04-11 21:19:53'),(1391,'studentaaa7ff',88,'male','2013-04-11 21:19:53','2013-04-11 21:19:53'),(1392,'studentb80d96',89,'male','2013-04-11 21:19:53','2013-04-11 21:19:53'),(1393,'studente6265a',83,'female','2013-04-11 21:19:53','2013-04-11 21:19:53'),(1394,'student43c58e',30,'male','2013-04-11 21:19:53','2013-04-11 21:19:53'),(1395,'student05d83d',25,'male','2013-04-11 21:19:53','2013-04-11 21:19:53'),(1396,'studentc3fc41',44,'female','2013-04-11 21:19:53','2013-04-11 21:19:53'),(1397,'student29a270',93,'female','2013-04-11 21:19:53','2013-04-11 21:19:53'),(1398,'student6a9c00',28,'female','2013-04-11 21:19:53','2013-04-11 21:19:53'),(1399,'student60483e',94,'male','2013-04-11 21:19:53','2013-04-11 21:19:53'),(1400,'student71bd97',30,'male','2013-04-11 21:19:53','2013-04-11 21:19:53'),(1401,'student36cb85',79,'female','2013-04-11 21:19:54','2013-04-11 21:19:54'),(1402,'student0b1edf',43,'female','2013-04-11 21:19:54','2013-04-11 21:19:54'),(1403,'student97adfb',23,'male','2013-04-11 21:19:54','2013-04-11 21:19:54'),(1404,'studentfe77ee',8,'male','2013-04-11 21:19:54','2013-04-11 21:19:54'),(1405,'student032e34',92,'female','2013-04-11 21:19:54','2013-04-11 21:19:54'),(1406,'student3bf6f0',6,'female','2013-04-11 21:19:54','2013-04-11 21:19:54'),(1407,'studentc15cc8',93,'female','2013-04-11 21:19:54','2013-04-11 21:19:54'),(1408,'studentbf5641',57,'male','2013-04-11 21:19:54','2013-04-11 21:19:54'),(1409,'student2c2a97',18,'female','2013-04-11 21:19:54','2013-04-11 21:19:54'),(1410,'studenta16e6e',88,'male','2013-04-11 21:19:54','2013-04-11 21:19:54'),(1411,'student07be0b',27,'male','2013-04-11 21:19:54','2013-04-11 21:19:54'),(1412,'studentd1f6cf',12,'male','2013-04-11 21:19:54','2013-04-11 21:19:54'),(1413,'student4f2282',70,'male','2013-04-11 21:19:54','2013-04-11 21:19:54'),(1414,'student6fb873',80,'female','2013-04-11 21:19:54','2013-04-11 21:19:54'),(1415,'studente21127',95,'male','2013-04-11 21:19:54','2013-04-11 21:19:54'),(1416,'studentf3d8f1',91,'male','2013-04-11 21:19:54','2013-04-11 21:19:54'),(1417,'student87d7a9',43,'male','2013-04-11 21:19:54','2013-04-11 21:19:54'),(1418,'student3fc5f4',41,'male','2013-04-11 21:19:54','2013-04-11 21:19:54'),(1419,'student8e9e6d',68,'male','2013-04-11 21:19:54','2013-04-11 21:19:54'),(1420,'student39e54c',65,'female','2013-04-11 21:19:54','2013-04-11 21:19:54'),(1421,'student4f3d88',44,'female','2013-04-11 21:19:54','2013-04-11 21:19:54'),(1422,'studenta5324d',51,'male','2013-04-11 21:19:54','2013-04-11 21:19:54'),(1423,'student433fb4',93,'female','2013-04-11 21:19:54','2013-04-11 21:19:54'),(1424,'student8220cb',54,'male','2013-04-11 21:19:54','2013-04-11 21:19:54'),(1425,'student4432a5',59,'male','2013-04-11 21:19:54','2013-04-11 21:19:54'),(1426,'student6ee37c',0,'male','2013-04-11 21:19:55','2013-04-11 21:19:55'),(1427,'studentdef475',85,'female','2013-04-11 21:19:55','2013-04-11 21:19:55'),(1428,'student51375a',35,'male','2013-04-11 21:19:55','2013-04-11 21:19:55'),(1429,'studentea5207',8,'female','2013-04-11 21:19:55','2013-04-11 21:19:55'),(1430,'student35e0a4',86,'male','2013-04-11 21:19:55','2013-04-11 21:19:55'),(1431,'studentb2771f',23,'male','2013-04-11 21:19:55','2013-04-11 21:19:55'),(1432,'student96f04b',8,'female','2013-04-11 21:19:55','2013-04-11 21:19:55'),(1433,'student0b7efd',41,'male','2013-04-11 21:19:55','2013-04-11 21:19:55'),(1434,'student4e813c',64,'female','2013-04-11 21:19:55','2013-04-11 21:19:55'),(1435,'student470c4b',67,'female','2013-04-11 21:19:55','2013-04-11 21:19:55'),(1436,'studentac5c76',39,'female','2013-04-11 21:19:55','2013-04-11 21:19:55'),(1437,'student76f5e2',99,'female','2013-04-11 21:19:55','2013-04-11 21:19:55'),(1438,'student0bddef',82,'female','2013-04-11 21:19:55','2013-04-11 21:19:55'),(1439,'student1037d3',15,'female','2013-04-11 21:19:55','2013-04-11 21:19:55'),(1440,'student7e4130',38,'male','2013-04-11 21:19:55','2013-04-11 21:19:55'),(1441,'student45728e',30,'male','2013-04-11 21:19:55','2013-04-11 21:19:55'),(1442,'student2d4997',21,'male','2013-04-11 21:19:55','2013-04-11 21:19:55'),(1443,'student6fbb78',97,'male','2013-04-11 21:19:55','2013-04-11 21:19:55'),(1444,'studentdf4b2f',97,'male','2013-04-11 21:19:55','2013-04-11 21:19:55'),(1445,'studenta1b111',23,'male','2013-04-11 21:19:55','2013-04-11 21:19:55'),(1446,'student645899',28,'female','2013-04-11 21:19:55','2013-04-11 21:19:55'),(1447,'student443b9a',0,'female','2013-04-11 21:19:56','2013-04-11 21:19:56'),(1448,'studentfde14c',54,'male','2013-04-11 21:19:56','2013-04-11 21:19:56'),(1449,'student088f4b',21,'female','2013-04-11 21:19:56','2013-04-11 21:19:56'),(1450,'studentb5337d',81,'male','2013-04-11 21:19:56','2013-04-11 21:19:56'),(1451,'student0e97db',79,'female','2013-04-11 21:19:56','2013-04-11 21:19:56'),(1452,'student29e448',84,'male','2013-04-11 21:19:56','2013-04-11 21:19:56'),(1453,'student39aeaf',32,'female','2013-04-11 21:19:56','2013-04-11 21:19:56'),(1454,'studentaf4d2f',74,'female','2013-04-11 21:19:56','2013-04-11 21:19:56'),(1455,'student23cda9',76,'female','2013-04-11 21:19:56','2013-04-11 21:19:56'),(1456,'studente51df3',37,'male','2013-04-11 21:19:56','2013-04-11 21:19:56'),(1457,'student6b04f4',86,'female','2013-04-11 21:19:56','2013-04-11 21:19:56'),(1458,'student344a8d',13,'male','2013-04-11 21:19:56','2013-04-11 21:19:56'),(1459,'student4a001d',84,'male','2013-04-11 21:19:56','2013-04-11 21:19:56'),(1460,'studenta0c969',77,'male','2013-04-11 21:19:56','2013-04-11 21:19:56'),(1461,'student89acaa',21,'male','2013-04-11 21:19:56','2013-04-11 21:19:56'),(1462,'student1e0528',11,'female','2013-04-11 21:19:56','2013-04-11 21:19:56'),(1463,'studente85384',23,'female','2013-04-11 21:19:56','2013-04-11 21:19:56'),(1464,'student2e1c03',92,'male','2013-04-11 21:19:56','2013-04-11 21:19:56'),(1465,'studentfc65a8',1,'female','2013-04-11 21:19:56','2013-04-11 21:19:56'),(1466,'student9f67f1',85,'male','2013-04-11 21:19:56','2013-04-11 21:19:56'),(1467,'studentdce114',92,'male','2013-04-11 21:19:56','2013-04-11 21:19:56'),(1468,'studentf22b25',88,'male','2013-04-11 21:19:56','2013-04-11 21:19:56'),(1469,'student29d07f',95,'male','2013-04-11 21:19:57','2013-04-11 21:19:57'),(1470,'studentebf4a7',77,'male','2013-04-11 21:19:57','2013-04-11 21:19:57'),(1471,'studente5abec',30,'male','2013-04-11 21:19:57','2013-04-11 21:19:57'),(1472,'student3d1390',45,'female','2013-04-11 21:19:57','2013-04-11 21:19:57'),(1473,'student958059',16,'female','2013-04-11 21:19:57','2013-04-11 21:19:57'),(1474,'student6a2960',71,'male','2013-04-11 21:19:57','2013-04-11 21:19:57'),(1475,'student7b94c9',40,'male','2013-04-11 21:19:57','2013-04-11 21:19:57'),(1476,'student6f7bc7',64,'female','2013-04-11 21:19:57','2013-04-11 21:19:57'),(1477,'studentee0606',17,'male','2013-04-11 21:19:58','2013-04-11 21:19:58'),(1478,'student45ed4d',92,'female','2013-04-11 21:19:58','2013-04-11 21:19:58'),(1479,'student5876b1',1,'female','2013-04-11 21:19:58','2013-04-11 21:19:58'),(1480,'studente8c251',93,'male','2013-04-11 21:19:58','2013-04-11 21:19:58'),(1481,'student61211d',54,'female','2013-04-11 21:19:58','2013-04-11 21:19:58'),(1482,'studentfc6fcb',36,'female','2013-04-11 21:19:58','2013-04-11 21:19:58'),(1483,'student655968',3,'male','2013-04-11 21:19:58','2013-04-11 21:19:58'),(1484,'student568610',81,'female','2013-04-11 21:19:58','2013-04-11 21:19:58'),(1485,'studentbe2ada',38,'male','2013-04-11 21:19:58','2013-04-11 21:19:58'),(1486,'studentc89581',51,'male','2013-04-11 21:19:58','2013-04-11 21:19:58'),(1487,'student2b2643',9,'female','2013-04-11 21:19:58','2013-04-11 21:19:58'),(1488,'student8fd967',33,'female','2013-04-11 21:19:58','2013-04-11 21:19:58'),(1489,'student45211a',9,'female','2013-04-11 21:19:58','2013-04-11 21:19:58'),(1490,'student0a227c',94,'male','2013-04-11 21:19:58','2013-04-11 21:19:58'),(1491,'student6412fa',90,'male','2013-04-11 21:19:58','2013-04-11 21:19:58'),(1492,'student770bdc',10,'male','2013-04-11 21:19:58','2013-04-11 21:19:58'),(1493,'studentd08b28',90,'female','2013-04-11 21:19:58','2013-04-11 21:19:58'),(1494,'studentc0ab22',59,'male','2013-04-11 21:19:58','2013-04-11 21:19:58'),(1495,'student881a60',77,'female','2013-04-11 21:19:58','2013-04-11 21:19:58'),(1496,'student35a97f',10,'female','2013-04-11 21:19:58','2013-04-11 21:19:58'),(1497,'studenta18964',70,'male','2013-04-11 21:19:58','2013-04-11 21:19:58'),(1498,'studentb1e8d6',43,'male','2013-04-11 21:19:58','2013-04-11 21:19:58'),(1499,'studentb36f48',95,'male','2013-04-11 21:19:58','2013-04-11 21:19:58'),(1500,'studentf208bd',8,'male','2013-04-11 21:19:59','2013-04-11 21:19:59'),(1501,'student79faea',45,'male','2013-04-11 21:19:59','2013-04-11 21:19:59'),(1502,'student9c4d24',90,'male','2013-04-11 21:19:59','2013-04-11 21:19:59'),(1503,'studentb8592e',5,'male','2013-04-11 21:19:59','2013-04-11 21:19:59'),(1504,'student22f2f7',66,'male','2013-04-11 21:19:59','2013-04-11 21:19:59'),(1505,'studentdbffe6',96,'female','2013-04-11 21:19:59','2013-04-11 21:19:59'),(1506,'student07c5de',60,'male','2013-04-11 21:19:59','2013-04-11 21:19:59'),(1507,'studentb3514c',13,'female','2013-04-11 21:19:59','2013-04-11 21:19:59'),(1508,'studentd8967a',18,'male','2013-04-11 21:19:59','2013-04-11 21:19:59'),(1509,'student1771ae',95,'male','2013-04-11 21:19:59','2013-04-11 21:19:59'),(1510,'studentbfb298',44,'male','2013-04-11 21:19:59','2013-04-11 21:19:59'),(1511,'student7daea5',82,'male','2013-04-11 21:19:59','2013-04-11 21:19:59'),(1512,'studentc0a745',65,'female','2013-04-11 21:19:59','2013-04-11 21:19:59'),(1513,'student8517b3',34,'male','2013-04-11 21:19:59','2013-04-11 21:19:59'),(1514,'studentf536a4',91,'male','2013-04-11 21:19:59','2013-04-11 21:19:59'),(1515,'student3c83be',14,'male','2013-04-11 21:19:59','2013-04-11 21:19:59'),(1516,'student867e18',29,'male','2013-04-11 21:19:59','2013-04-11 21:19:59'),(1517,'student659a31',97,'female','2013-04-11 21:19:59','2013-04-11 21:19:59'),(1518,'student9719bf',67,'male','2013-04-11 21:19:59','2013-04-11 21:19:59'),(1519,'student321218',89,'male','2013-04-11 21:19:59','2013-04-11 21:19:59'),(1520,'studente8d679',93,'female','2013-04-11 21:19:59','2013-04-11 21:19:59'),(1521,'studentcad76e',74,'female','2013-04-11 21:19:59','2013-04-11 21:19:59'),(1522,'student8a6b21',69,'female','2013-04-11 21:20:00','2013-04-11 21:20:00'),(1523,'studentc89062',88,'female','2013-04-11 21:20:00','2013-04-11 21:20:00'),(1524,'student4b6b75',41,'female','2013-04-11 21:20:00','2013-04-11 21:20:00'),(1525,'studentac269e',88,'male','2013-04-11 21:20:00','2013-04-11 21:20:00'),(1526,'studentbf9c2d',97,'female','2013-04-11 21:20:00','2013-04-11 21:20:00'),(1527,'student176598',23,'male','2013-04-11 21:20:00','2013-04-11 21:20:00'),(1528,'studentf3b55e',80,'male','2013-04-11 21:20:00','2013-04-11 21:20:00'),(1529,'student497b3e',88,'female','2013-04-11 21:20:00','2013-04-11 21:20:00'),(1530,'student4d6664',93,'female','2013-04-11 21:20:00','2013-04-11 21:20:00'),(1531,'student1038c2',42,'female','2013-04-11 21:20:00','2013-04-11 21:20:00'),(1532,'student1ffb09',17,'male','2013-04-11 21:20:00','2013-04-11 21:20:00'),(1533,'student272989',42,'female','2013-04-11 21:20:00','2013-04-11 21:20:00'),(1534,'student51e936',0,'female','2013-04-11 21:20:00','2013-04-11 21:20:00'),(1535,'studente0aad2',36,'male','2013-04-11 21:20:00','2013-04-11 21:20:00'),(1536,'student2b5401',67,'male','2013-04-11 21:20:00','2013-04-11 21:20:00'),(1537,'studentaf5c5a',87,'male','2013-04-11 21:20:00','2013-04-11 21:20:00'),(1538,'student9fea54',96,'female','2013-04-11 21:20:00','2013-04-11 21:20:00'),(1539,'studentb2134f',99,'male','2013-04-11 21:20:00','2013-04-11 21:20:00'),(1540,'studentee0aaa',28,'female','2013-04-11 21:20:00','2013-04-11 21:20:00'),(1541,'student3e24e6',94,'male','2013-04-11 21:20:00','2013-04-11 21:20:00'),(1542,'student37fb8a',20,'female','2013-04-11 21:20:00','2013-04-11 21:20:00'),(1543,'studentcbaa34',53,'male','2013-04-11 21:20:00','2013-04-11 21:20:00'),(1544,'student49843f',32,'female','2013-04-11 21:20:01','2013-04-11 21:20:01'),(1545,'studentda3b2e',92,'male','2013-04-11 21:20:01','2013-04-11 21:20:01'),(1546,'student4c682d',39,'female','2013-04-11 21:20:01','2013-04-11 21:20:01'),(1547,'studenta603ba',13,'female','2013-04-11 21:20:01','2013-04-11 21:20:01'),(1548,'studentccb947',79,'female','2013-04-11 21:20:01','2013-04-11 21:20:01'),(1549,'student1f9ee4',68,'male','2013-04-11 21:20:01','2013-04-11 21:20:01'),(1550,'student3037c0',79,'female','2013-04-11 21:20:01','2013-04-11 21:20:01'),(1551,'student8746a8',33,'male','2013-04-11 21:20:01','2013-04-11 21:20:01'),(1552,'student2445ad',85,'female','2013-04-11 21:20:01','2013-04-11 21:20:01'),(1553,'student5668b6',27,'female','2013-04-11 21:20:01','2013-04-11 21:20:01'),(1554,'studentd71184',71,'male','2013-04-11 21:20:01','2013-04-11 21:20:01'),(1555,'studentd9f026',39,'male','2013-04-11 21:20:01','2013-04-11 21:20:01'),(1556,'student5b02b0',50,'female','2013-04-11 21:20:01','2013-04-11 21:20:01'),(1557,'student9819a6',57,'female','2013-04-11 21:20:01','2013-04-11 21:20:01'),(1558,'student630521',44,'male','2013-04-11 21:20:01','2013-04-11 21:20:01'),(1559,'student9ffb09',9,'male','2013-04-11 21:20:01','2013-04-11 21:20:01'),(1560,'student03ded9',73,'female','2013-04-11 21:20:01','2013-04-11 21:20:01'),(1561,'studentd85d7a',81,'female','2013-04-11 21:20:01','2013-04-11 21:20:01'),(1562,'student1a565e',55,'male','2013-04-11 21:20:01','2013-04-11 21:20:01'),(1563,'studentf4a61a',75,'female','2013-04-11 21:20:01','2013-04-11 21:20:01'),(1564,'student752c6f',42,'male','2013-04-11 21:20:01','2013-04-11 21:20:01'),(1565,'student325f0f',99,'female','2013-04-11 21:20:01','2013-04-11 21:20:01'),(1566,'student6276a3',18,'male','2013-04-11 21:20:01','2013-04-11 21:20:01'),(1567,'studenta7807d',95,'male','2013-04-11 21:20:02','2013-04-11 21:20:02'),(1568,'student609004',39,'male','2013-04-11 21:20:02','2013-04-11 21:20:02'),(1569,'student57cf39',52,'female','2013-04-11 21:20:02','2013-04-11 21:20:02'),(1570,'student16e88f',82,'female','2013-04-11 21:20:02','2013-04-11 21:20:02'),(1571,'student10c4ac',24,'female','2013-04-11 21:20:02','2013-04-11 21:20:02'),(1572,'studentf3ebec',71,'female','2013-04-11 21:20:02','2013-04-11 21:20:02'),(1573,'student8578b8',93,'female','2013-04-11 21:20:02','2013-04-11 21:20:02'),(1574,'student0bd3e4',56,'female','2013-04-11 21:20:02','2013-04-11 21:20:02'),(1575,'student2f5357',61,'male','2013-04-11 21:20:02','2013-04-11 21:20:02'),(1576,'studentc6c263',1,'male','2013-04-11 21:20:02','2013-04-11 21:20:02'),(1577,'student34ecf8',0,'male','2013-04-11 21:20:02','2013-04-11 21:20:02'),(1578,'student588067',58,'female','2013-04-11 21:20:02','2013-04-11 21:20:02'),(1579,'studentd7e4b8',52,'male','2013-04-11 21:20:02','2013-04-11 21:20:02'),(1580,'student00b832',3,'female','2013-04-11 21:20:02','2013-04-11 21:20:02'),(1581,'studentdcf6af',96,'male','2013-04-11 21:20:02','2013-04-11 21:20:02'),(1582,'student21a945',73,'male','2013-04-11 21:20:02','2013-04-11 21:20:02'),(1583,'studentfcc43a',90,'male','2013-04-11 21:20:02','2013-04-11 21:20:02'),(1584,'student0208c6',14,'male','2013-04-11 21:20:02','2013-04-11 21:20:02'),(1585,'student36e7dc',69,'male','2013-04-11 21:20:02','2013-04-11 21:20:02'),(1586,'student49016c',0,'male','2013-04-11 21:20:02','2013-04-11 21:20:02'),(1587,'student2501a5',30,'female','2013-04-11 21:20:02','2013-04-11 21:20:02'),(1588,'student19a437',86,'female','2013-04-11 21:20:02','2013-04-11 21:20:02'),(1589,'student56a4f1',58,'male','2013-04-11 21:20:02','2013-04-11 21:20:02'),(1590,'student02e6ca',54,'female','2013-04-11 21:20:03','2013-04-11 21:20:03'),(1591,'student4ae844',6,'female','2013-04-11 21:20:03','2013-04-11 21:20:03'),(1592,'studente763e9',36,'female','2013-04-11 21:20:03','2013-04-11 21:20:03'),(1593,'student5bc47b',24,'male','2013-04-11 21:20:03','2013-04-11 21:20:03'),(1594,'student45a88f',39,'female','2013-04-11 21:20:03','2013-04-11 21:20:03'),(1595,'studentf40bef',3,'female','2013-04-11 21:20:03','2013-04-11 21:20:03'),(1596,'studentc84ece',20,'female','2013-04-11 21:20:03','2013-04-11 21:20:03'),(1597,'student2cff00',73,'male','2013-04-11 21:20:03','2013-04-11 21:20:03'),(1598,'studenta694d9',98,'male','2013-04-11 21:20:03','2013-04-11 21:20:03'),(1599,'studentab9f8b',98,'female','2013-04-11 21:20:03','2013-04-11 21:20:03'),(1600,'student11eeb3',44,'female','2013-04-11 21:20:03','2013-04-11 21:20:03'),(1601,'student82ffe3',41,'female','2013-04-11 21:20:03','2013-04-11 21:20:03'),(1602,'studentb259ef',95,'male','2013-04-11 21:20:03','2013-04-11 21:20:03'),(1603,'student3b27ae',91,'female','2013-04-11 21:20:03','2013-04-11 21:20:03'),(1604,'student8c7f44',38,'male','2013-04-11 21:20:03','2013-04-11 21:20:03'),(1605,'student162726',93,'female','2013-04-11 21:20:03','2013-04-11 21:20:03'),(1606,'studentc1a2a8',42,'male','2013-04-11 21:20:03','2013-04-11 21:20:03'),(1607,'student854bd5',49,'male','2013-04-11 21:20:03','2013-04-11 21:20:03'),(1608,'student488a60',17,'male','2013-04-11 21:20:03','2013-04-11 21:20:03'),(1609,'student8358d5',85,'male','2013-04-11 21:20:03','2013-04-11 21:20:03'),(1610,'studenta088fb',98,'female','2013-04-11 21:20:03','2013-04-11 21:20:03'),(1611,'student4e1d12',53,'female','2013-04-11 21:20:03','2013-04-11 21:20:03'),(1612,'studentd99d45',29,'female','2013-04-11 21:20:03','2013-04-11 21:20:03'),(1613,'student7bae96',33,'male','2013-04-11 21:20:03','2013-04-11 21:20:03'),(1614,'student077b0e',88,'female','2013-04-11 21:20:03','2013-04-11 21:20:03'),(1615,'student9e5305',94,'female','2013-04-11 21:20:03','2013-04-11 21:20:03'),(1616,'student0fdae4',36,'female','2013-04-11 21:20:04','2013-04-11 21:20:04'),(1617,'studentfc5f26',55,'male','2013-04-11 21:20:04','2013-04-11 21:20:04'),(1618,'student17724d',53,'male','2013-04-11 21:20:04','2013-04-11 21:20:04'),(1619,'student7d1efc',41,'male','2013-04-11 21:20:04','2013-04-11 21:20:04'),(1620,'student520bca',91,'male','2013-04-11 21:20:04','2013-04-11 21:20:04'),(1621,'student1b50c8',58,'female','2013-04-11 21:20:04','2013-04-11 21:20:04'),(1622,'student9ada44',14,'male','2013-04-11 21:20:04','2013-04-11 21:20:04'),(1623,'student9e45c1',96,'female','2013-04-11 21:20:04','2013-04-11 21:20:04'),(1624,'student644c59',8,'female','2013-04-11 21:20:04','2013-04-11 21:20:04'),(1625,'studentd338a6',1,'female','2013-04-11 21:20:04','2013-04-11 21:20:04'),(1626,'student187c9f',99,'male','2013-04-11 21:20:04','2013-04-11 21:20:04'),(1627,'student812d48',81,'male','2013-04-11 21:20:04','2013-04-11 21:20:04'),(1628,'student59526d',76,'male','2013-04-11 21:20:04','2013-04-11 21:20:04'),(1629,'student379ad7',1,'female','2013-04-11 21:20:04','2013-04-11 21:20:04'),(1630,'student9c0b2c',10,'male','2013-04-11 21:20:04','2013-04-11 21:20:04'),(1631,'student5ee9b7',3,'female','2013-04-11 21:20:04','2013-04-11 21:20:04'),(1632,'student849d1a',59,'male','2013-04-11 21:20:04','2013-04-11 21:20:04'),(1633,'student2f8a54',76,'female','2013-04-11 21:20:04','2013-04-11 21:20:04'),(1634,'studentdf5366',78,'male','2013-04-11 21:20:04','2013-04-11 21:20:04'),(1635,'student47ae74',44,'female','2013-04-11 21:20:04','2013-04-11 21:20:04'),(1636,'studente4917d',58,'female','2013-04-11 21:20:04','2013-04-11 21:20:04'),(1637,'student477ae0',36,'male','2013-04-11 21:20:04','2013-04-11 21:20:04'),(1638,'student219920',75,'female','2013-04-11 21:20:04','2013-04-11 21:20:04'),(1639,'studenta98e67',25,'female','2013-04-11 21:20:04','2013-04-11 21:20:04'),(1640,'student3d6b19',18,'male','2013-04-11 21:20:05','2013-04-11 21:20:05'),(1641,'student5a4042',88,'male','2013-04-11 21:20:05','2013-04-11 21:20:05'),(1642,'studentb59b3f',81,'male','2013-04-11 21:20:05','2013-04-11 21:20:05'),(1643,'studentb7ae02',84,'female','2013-04-11 21:20:05','2013-04-11 21:20:05'),(1644,'student2ffe38',50,'female','2013-04-11 21:20:05','2013-04-11 21:20:05'),(1645,'studentdcd6ac',69,'male','2013-04-11 21:20:05','2013-04-11 21:20:05'),(1646,'studentb8bfe0',6,'male','2013-04-11 21:20:05','2013-04-11 21:20:05'),(1647,'studentee3f13',78,'female','2013-04-11 21:20:05','2013-04-11 21:20:05'),(1648,'student149090',0,'female','2013-04-11 21:20:05','2013-04-11 21:20:05'),(1649,'studente4c221',2,'female','2013-04-11 21:20:05','2013-04-11 21:20:05'),(1650,'student90030d',71,'male','2013-04-11 21:20:05','2013-04-11 21:20:05'),(1651,'student4d8323',19,'female','2013-04-11 21:20:05','2013-04-11 21:20:05'),(1652,'student42b339',91,'male','2013-04-11 21:20:05','2013-04-11 21:20:05'),(1653,'student9d8173',14,'female','2013-04-11 21:20:05','2013-04-11 21:20:05'),(1654,'studentc6a4b5',43,'female','2013-04-11 21:20:05','2013-04-11 21:20:05'),(1655,'student8491d6',67,'male','2013-04-11 21:20:05','2013-04-11 21:20:05'),(1656,'student1e8adb',21,'male','2013-04-11 21:20:05','2013-04-11 21:20:05'),(1657,'student833109',32,'female','2013-04-11 21:20:05','2013-04-11 21:20:05'),(1658,'student7a18bf',97,'male','2013-04-11 21:20:05','2013-04-11 21:20:05'),(1659,'student201863',47,'male','2013-04-11 21:20:05','2013-04-11 21:20:05'),(1660,'student8f56a3',7,'male','2013-04-11 21:20:05','2013-04-11 21:20:05'),(1661,'student0a7712',36,'male','2013-04-11 21:20:05','2013-04-11 21:20:05'),(1662,'studentfc9ff8',3,'male','2013-04-11 21:20:05','2013-04-11 21:20:05'),(1663,'student5eb8e7',73,'female','2013-04-11 21:20:05','2013-04-11 21:20:05'),(1664,'student22d646',36,'male','2013-04-11 21:20:06','2013-04-11 21:20:06'),(1665,'student83f271',88,'male','2013-04-11 21:20:06','2013-04-11 21:20:06'),(1666,'studente39d84',62,'male','2013-04-11 21:20:06','2013-04-11 21:20:06'),(1667,'studentc74c0e',88,'male','2013-04-11 21:20:06','2013-04-11 21:20:06'),(1668,'student2484dc',10,'female','2013-04-11 21:20:06','2013-04-11 21:20:06'),(1669,'student90abb0',15,'female','2013-04-11 21:20:06','2013-04-11 21:20:06'),(1670,'studentd4f0d0',53,'male','2013-04-11 21:20:06','2013-04-11 21:20:06'),(1671,'studentff3932',41,'male','2013-04-11 21:20:06','2013-04-11 21:20:06'),(1672,'student97398b',95,'female','2013-04-11 21:20:06','2013-04-11 21:20:06'),(1673,'studentbb13de',63,'male','2013-04-11 21:20:06','2013-04-11 21:20:06'),(1674,'student9019ce',94,'male','2013-04-11 21:20:06','2013-04-11 21:20:06'),(1675,'student3f786c',52,'female','2013-04-11 21:20:06','2013-04-11 21:20:06'),(1676,'student459147',24,'female','2013-04-11 21:20:06','2013-04-11 21:20:06'),(1677,'student27e51f',9,'female','2013-04-11 21:20:06','2013-04-11 21:20:06'),(1678,'student3e1d58',41,'male','2013-04-11 21:20:06','2013-04-11 21:20:06'),(1679,'studentf6dfd5',2,'female','2013-04-11 21:20:06','2013-04-11 21:20:06'),(1680,'student607d47',18,'male','2013-04-11 21:20:06','2013-04-11 21:20:06'),(1681,'student925eb8',24,'male','2013-04-11 21:20:06','2013-04-11 21:20:06'),(1682,'student966d02',94,'female','2013-04-11 21:20:06','2013-04-11 21:20:06'),(1683,'student30950d',41,'female','2013-04-11 21:20:06','2013-04-11 21:20:06'),(1684,'student5c38c0',86,'male','2013-04-11 21:20:06','2013-04-11 21:20:06'),(1685,'student8e3c8f',0,'male','2013-04-11 21:20:06','2013-04-11 21:20:06'),(1686,'studentea783c',9,'female','2013-04-11 21:20:07','2013-04-11 21:20:07'),(1687,'student4fff4e',3,'female','2013-04-11 21:20:07','2013-04-11 21:20:07'),(1688,'student4def96',18,'female','2013-04-11 21:20:07','2013-04-11 21:20:07'),(1689,'student5b2305',39,'male','2013-04-11 21:20:07','2013-04-11 21:20:07'),(1690,'student36de71',45,'female','2013-04-11 21:20:07','2013-04-11 21:20:07'),(1691,'student2aaec9',66,'female','2013-04-11 21:20:07','2013-04-11 21:20:07'),(1692,'student50e86d',15,'male','2013-04-11 21:20:07','2013-04-11 21:20:07'),(1693,'student2f2430',82,'male','2013-04-11 21:20:07','2013-04-11 21:20:07'),(1694,'studentf2e770',60,'male','2013-04-11 21:20:07','2013-04-11 21:20:07'),(1695,'student165fdc',15,'female','2013-04-11 21:20:07','2013-04-11 21:20:07'),(1696,'student1bff7f',10,'male','2013-04-11 21:20:07','2013-04-11 21:20:07'),(1697,'student0fda72',76,'male','2013-04-11 21:20:07','2013-04-11 21:20:07'),(1698,'studentc18a9e',90,'male','2013-04-11 21:20:07','2013-04-11 21:20:07'),(1699,'studentf74535',7,'male','2013-04-11 21:20:07','2013-04-11 21:20:07'),(1700,'studentb797d8',61,'female','2013-04-11 21:20:07','2013-04-11 21:20:07'),(1701,'student330fe3',31,'female','2013-04-11 21:20:07','2013-04-11 21:20:07'),(1702,'student779a6d',86,'male','2013-04-11 21:20:07','2013-04-11 21:20:07'),(1703,'student6aba82',73,'male','2013-04-11 21:20:08','2013-04-11 21:20:08'),(1704,'student4a69df',38,'female','2013-04-11 21:20:08','2013-04-11 21:20:08'),(1705,'studentd34f63',36,'female','2013-04-11 21:20:08','2013-04-11 21:20:08'),(1706,'studente1886b',80,'male','2013-04-11 21:20:08','2013-04-11 21:20:08'),(1707,'student7894a3',58,'male','2013-04-11 21:20:08','2013-04-11 21:20:08'),(1708,'studente3db46',53,'female','2013-04-11 21:20:08','2013-04-11 21:20:08'),(1709,'student60ca55',32,'female','2013-04-11 21:20:08','2013-04-11 21:20:08'),(1710,'studentd4d2f6',29,'male','2013-04-11 21:20:08','2013-04-11 21:20:08'),(1711,'student8df246',87,'female','2013-04-11 21:20:08','2013-04-11 21:20:08'),(1712,'student23edfb',65,'male','2013-04-11 21:20:08','2013-04-11 21:20:08'),(1713,'studentc8745c',75,'male','2013-04-11 21:20:08','2013-04-11 21:20:08'),(1714,'student0533dc',35,'female','2013-04-11 21:20:08','2013-04-11 21:20:08'),(1715,'student3673a7',34,'male','2013-04-11 21:20:08','2013-04-11 21:20:08'),(1716,'studentbf572b',67,'female','2013-04-11 21:20:09','2013-04-11 21:20:09'),(1717,'student7e6b5d',1,'male','2013-04-11 21:20:09','2013-04-11 21:20:09'),(1718,'student387be8',60,'male','2013-04-11 21:20:09','2013-04-11 21:20:09'),(1719,'studentb64f5f',22,'female','2013-04-11 21:20:09','2013-04-11 21:20:09'),(1720,'student035e08',39,'male','2013-04-11 21:20:09','2013-04-11 21:20:09'),(1721,'student7eb76f',26,'female','2013-04-11 21:20:09','2013-04-11 21:20:09'),(1722,'student1de480',99,'female','2013-04-11 21:20:09','2013-04-11 21:20:09'),(1723,'student06f178',25,'male','2013-04-11 21:20:09','2013-04-11 21:20:09'),(1724,'studentdf0ca9',91,'male','2013-04-11 21:20:09','2013-04-11 21:20:09'),(1725,'student52434d',35,'female','2013-04-11 21:20:09','2013-04-11 21:20:09'),(1726,'student11774f',42,'female','2013-04-11 21:20:09','2013-04-11 21:20:09'),(1727,'student2d1888',49,'male','2013-04-11 21:20:09','2013-04-11 21:20:09'),(1728,'student741120',3,'male','2013-04-11 21:20:09','2013-04-11 21:20:09'),(1729,'student060a5e',51,'female','2013-04-11 21:20:09','2013-04-11 21:20:09'),(1730,'studentac45a5',91,'female','2013-04-11 21:20:09','2013-04-11 21:20:09'),(1731,'student8aa826',83,'female','2013-04-11 21:20:09','2013-04-11 21:20:09'),(1732,'student00a165',18,'female','2013-04-11 21:20:09','2013-04-11 21:20:09'),(1733,'student9b4dad',34,'female','2013-04-11 21:20:09','2013-04-11 21:20:09'),(1734,'studentdfbd2f',32,'female','2013-04-11 21:20:09','2013-04-11 21:20:09'),(1735,'studentbdba2d',19,'female','2013-04-11 21:20:09','2013-04-11 21:20:09'),(1736,'studentb8b03d',55,'female','2013-04-11 21:20:09','2013-04-11 21:20:09'),(1737,'studentafbe22',28,'female','2013-04-11 21:20:09','2013-04-11 21:20:09'),(1738,'studentaff5bb',65,'female','2013-04-11 21:20:09','2013-04-11 21:20:09'),(1739,'studentf0e562',19,'male','2013-04-11 21:20:10','2013-04-11 21:20:10'),(1740,'student67d0cc',52,'male','2013-04-11 21:20:10','2013-04-11 21:20:10'),(1741,'student659dcf',38,'female','2013-04-11 21:20:10','2013-04-11 21:20:10'),(1742,'student15232c',63,'male','2013-04-11 21:20:10','2013-04-11 21:20:10'),(1743,'studenta355d0',41,'female','2013-04-11 21:20:10','2013-04-11 21:20:10'),(1744,'student4df528',48,'male','2013-04-11 21:20:10','2013-04-11 21:20:10'),(1745,'student9bec6b',36,'female','2013-04-11 21:20:10','2013-04-11 21:20:10'),(1746,'student89b66c',45,'female','2013-04-11 21:20:10','2013-04-11 21:20:10'),(1747,'studenta9ef0e',59,'female','2013-04-11 21:20:10','2013-04-11 21:20:10'),(1748,'student8b6697',89,'male','2013-04-11 21:20:10','2013-04-11 21:20:10'),(1749,'student8bd4f1',23,'male','2013-04-11 21:20:10','2013-04-11 21:20:10'),(1750,'studentc4302f',81,'male','2013-04-11 21:20:10','2013-04-11 21:20:10'),(1751,'student34f202',45,'female','2013-04-11 21:20:10','2013-04-11 21:20:10'),(1752,'studenta698a6',57,'male','2013-04-11 21:20:10','2013-04-11 21:20:10'),(1753,'student8da671',38,'female','2013-04-11 21:20:10','2013-04-11 21:20:10'),(1754,'studentd72f05',77,'male','2013-04-11 21:20:10','2013-04-11 21:20:10'),(1755,'student1bcc0c',8,'male','2013-04-11 21:20:10','2013-04-11 21:20:10'),(1756,'studentb96f32',90,'female','2013-04-11 21:20:10','2013-04-11 21:20:10'),(1757,'student003169',80,'male','2013-04-11 21:20:10','2013-04-11 21:20:10'),(1758,'studente02fef',23,'female','2013-04-11 21:20:10','2013-04-11 21:20:10'),(1759,'student55664f',43,'female','2013-04-11 21:20:10','2013-04-11 21:20:10'),(1760,'student2952a6',38,'male','2013-04-11 21:20:10','2013-04-11 21:20:10'),(1761,'student3372c1',70,'female','2013-04-11 21:20:11','2013-04-11 21:20:11'),(1762,'student253706',70,'male','2013-04-11 21:20:11','2013-04-11 21:20:11'),(1763,'studentaa7a34',1,'female','2013-04-11 21:20:11','2013-04-11 21:20:11'),(1764,'student8e86ff',89,'female','2013-04-11 21:20:11','2013-04-11 21:20:11'),(1765,'student80b008',28,'female','2013-04-11 21:20:11','2013-04-11 21:20:11'),(1766,'student157df3',18,'female','2013-04-11 21:20:11','2013-04-11 21:20:11'),(1767,'student23230d',69,'female','2013-04-11 21:20:11','2013-04-11 21:20:11'),(1768,'student075fcc',3,'female','2013-04-11 21:20:11','2013-04-11 21:20:11'),(1769,'studentcfcddf',18,'male','2013-04-11 21:20:11','2013-04-11 21:20:11'),(1770,'student14ba7f',72,'female','2013-04-11 21:20:11','2013-04-11 21:20:11'),(1771,'student6d8329',26,'female','2013-04-11 21:20:11','2013-04-11 21:20:11'),(1772,'student8a8cf4',43,'male','2013-04-11 21:20:11','2013-04-11 21:20:11'),(1773,'student2d7d9d',32,'female','2013-04-11 21:20:11','2013-04-11 21:20:11'),(1774,'student0e9d58',45,'female','2013-04-11 21:20:11','2013-04-11 21:20:11'),(1775,'studentf8801c',38,'male','2013-04-11 21:20:11','2013-04-11 21:20:11'),(1776,'studenta85713',96,'male','2013-04-11 21:20:11','2013-04-11 21:20:11'),(1777,'studentd2ef74',46,'male','2013-04-11 21:20:11','2013-04-11 21:20:11'),(1778,'studenta04950',57,'male','2013-04-11 21:20:11','2013-04-11 21:20:11'),(1779,'student7bd5db',72,'female','2013-04-11 21:20:11','2013-04-11 21:20:11'),(1780,'student8d20b6',34,'female','2013-04-11 21:20:11','2013-04-11 21:20:11'),(1781,'studentca7a83',21,'male','2013-04-11 21:20:11','2013-04-11 21:20:11'),(1782,'student02b627',31,'male','2013-04-11 21:20:11','2013-04-11 21:20:11'),(1783,'studentbacda5',82,'male','2013-04-11 21:20:12','2013-04-11 21:20:12'),(1784,'student848eb7',43,'male','2013-04-11 21:20:12','2013-04-11 21:20:12'),(1785,'studentfd8b82',73,'female','2013-04-11 21:20:12','2013-04-11 21:20:12'),(1786,'student0b6576',30,'male','2013-04-11 21:20:12','2013-04-11 21:20:12'),(1787,'student5607b4',1,'female','2013-04-11 21:20:12','2013-04-11 21:20:12'),(1788,'student1ae924',42,'male','2013-04-11 21:20:12','2013-04-11 21:20:12'),(1789,'student0149a1',0,'male','2013-04-11 21:20:12','2013-04-11 21:20:12'),(1790,'student87bab1',47,'male','2013-04-11 21:20:12','2013-04-11 21:20:12'),(1791,'student0d870e',37,'female','2013-04-11 21:20:12','2013-04-11 21:20:12'),(1792,'student270b7b',71,'male','2013-04-11 21:20:12','2013-04-11 21:20:12'),(1793,'student8e5049',43,'male','2013-04-11 21:20:12','2013-04-11 21:20:12'),(1794,'student5a71b6',11,'female','2013-04-11 21:20:12','2013-04-11 21:20:12'),(1795,'student5e7e9d',43,'female','2013-04-11 21:20:12','2013-04-11 21:20:12'),(1796,'studentcd6b66',41,'male','2013-04-11 21:20:12','2013-04-11 21:20:12'),(1797,'student795b6b',5,'male','2013-04-11 21:20:12','2013-04-11 21:20:12'),(1798,'student16eaf8',77,'female','2013-04-11 21:20:12','2013-04-11 21:20:12'),(1799,'studentbd2053',26,'male','2013-04-11 21:20:12','2013-04-11 21:20:12'),(1800,'student1b1e0e',56,'male','2013-04-11 21:20:12','2013-04-11 21:20:12'),(1801,'studentca276f',74,'male','2013-04-11 21:20:12','2013-04-11 21:20:12'),(1802,'student729bb6',26,'female','2013-04-11 21:20:12','2013-04-11 21:20:12'),(1803,'studente77a27',49,'male','2013-04-11 21:20:12','2013-04-11 21:20:12'),(1804,'studentbbcc5f',41,'female','2013-04-11 21:20:12','2013-04-11 21:20:12'),(1805,'studentbdafe7',14,'female','2013-04-11 21:20:12','2013-04-11 21:20:12'),(1806,'student66d224',97,'female','2013-04-11 21:20:12','2013-04-11 21:20:12'),(1807,'studenta927c7',37,'female','2013-04-11 21:20:13','2013-04-11 21:20:13'),(1808,'studentecc7b7',89,'male','2013-04-11 21:20:13','2013-04-11 21:20:13'),(1809,'student5c930c',55,'male','2013-04-11 21:20:13','2013-04-11 21:20:13'),(1810,'studentecde39',21,'male','2013-04-11 21:20:13','2013-04-11 21:20:13'),(1811,'student276e34',67,'male','2013-04-11 21:20:13','2013-04-11 21:20:13'),(1812,'studentaf346c',83,'male','2013-04-11 21:20:13','2013-04-11 21:20:13'),(1813,'student2bb84c',57,'female','2013-04-11 21:20:13','2013-04-11 21:20:13'),(1814,'studente8a20a',29,'female','2013-04-11 21:20:13','2013-04-11 21:20:13'),(1815,'student7ddb0c',23,'male','2013-04-11 21:20:13','2013-04-11 21:20:13'),(1816,'studenta89967',39,'female','2013-04-11 21:20:13','2013-04-11 21:20:13'),(1817,'studenta3b119',99,'male','2013-04-11 21:20:13','2013-04-11 21:20:13'),(1818,'student6ee5a7',10,'male','2013-04-11 21:20:13','2013-04-11 21:20:13'),(1819,'student4be530',81,'female','2013-04-11 21:20:13','2013-04-11 21:20:13'),(1820,'student529ceb',35,'female','2013-04-11 21:20:13','2013-04-11 21:20:13'),(1821,'student16a105',63,'male','2013-04-11 21:20:13','2013-04-11 21:20:13'),(1822,'student92dc43',26,'female','2013-04-11 21:20:13','2013-04-11 21:20:13'),(1823,'student776aaa',7,'female','2013-04-11 21:20:13','2013-04-11 21:20:13'),(1824,'studenta3615b',27,'male','2013-04-11 21:20:13','2013-04-11 21:20:13'),(1825,'studente74b0e',65,'male','2013-04-11 21:20:13','2013-04-11 21:20:13'),(1826,'student05629d',29,'female','2013-04-11 21:20:13','2013-04-11 21:20:13'),(1827,'studentc53af2',78,'female','2013-04-11 21:20:13','2013-04-11 21:20:13'),(1828,'studentfd6f98',70,'female','2013-04-11 21:20:13','2013-04-11 21:20:13'),(1829,'studente60b1d',78,'male','2013-04-11 21:20:13','2013-04-11 21:20:13'),(1830,'student27de02',77,'female','2013-04-11 21:20:13','2013-04-11 21:20:13'),(1831,'student673382',34,'female','2013-04-11 21:20:13','2013-04-11 21:20:13'),(1832,'student910245',93,'male','2013-04-11 21:20:14','2013-04-11 21:20:14'),(1833,'student56baef',19,'female','2013-04-11 21:20:14','2013-04-11 21:20:14'),(1834,'studentcd85c2',40,'male','2013-04-11 21:20:14','2013-04-11 21:20:14'),(1835,'studentdac8a0',32,'female','2013-04-11 21:20:14','2013-04-11 21:20:14'),(1836,'student43d458',56,'male','2013-04-11 21:20:14','2013-04-11 21:20:14'),(1837,'student8218d3',34,'female','2013-04-11 21:20:14','2013-04-11 21:20:14'),(1838,'student05b1eb',5,'female','2013-04-11 21:20:14','2013-04-11 21:20:14'),(1839,'studentfa62fd',67,'female','2013-04-11 21:20:14','2013-04-11 21:20:14'),(1840,'student7ab0be',4,'female','2013-04-11 21:20:14','2013-04-11 21:20:14'),(1841,'studenteac710',39,'female','2013-04-11 21:20:14','2013-04-11 21:20:14'),(1842,'studentc84909',68,'female','2013-04-11 21:20:14','2013-04-11 21:20:14'),(1843,'student22c7de',28,'female','2013-04-11 21:20:14','2013-04-11 21:20:14'),(1844,'student7cd0eb',82,'male','2013-04-11 21:20:14','2013-04-11 21:20:14'),(1845,'student79ee4c',82,'female','2013-04-11 21:20:14','2013-04-11 21:20:14'),(1846,'studenta52bd1',66,'female','2013-04-11 21:20:14','2013-04-11 21:20:14'),(1847,'student1fbd67',19,'female','2013-04-11 21:20:14','2013-04-11 21:20:14'),(1848,'student1904d3',65,'male','2013-04-11 21:20:14','2013-04-11 21:20:14'),(1849,'student93ae51',53,'female','2013-04-11 21:20:14','2013-04-11 21:20:14'),(1850,'student707b0f',92,'female','2013-04-11 21:20:14','2013-04-11 21:20:14'),(1851,'student86415d',99,'female','2013-04-11 21:20:14','2013-04-11 21:20:14'),(1852,'student68ac2b',66,'male','2013-04-11 21:20:14','2013-04-11 21:20:14'),(1853,'student205bb1',28,'male','2013-04-11 21:20:14','2013-04-11 21:20:14'),(1854,'studentd6f438',18,'male','2013-04-11 21:20:14','2013-04-11 21:20:14'),(1855,'student1ed507',66,'female','2013-04-11 21:20:14','2013-04-11 21:20:14'),(1856,'studenta3f5c5',76,'female','2013-04-11 21:20:14','2013-04-11 21:20:14'),(1857,'studentc35b7c',52,'female','2013-04-11 21:20:15','2013-04-11 21:20:15'),(1858,'studentd6c5fe',51,'female','2013-04-11 21:20:15','2013-04-11 21:20:15'),(1859,'studentda889e',39,'female','2013-04-11 21:20:15','2013-04-11 21:20:15'),(1860,'student797494',47,'female','2013-04-11 21:20:15','2013-04-11 21:20:15'),(1861,'student133516',22,'female','2013-04-11 21:20:15','2013-04-11 21:20:15'),(1862,'student3c4e69',24,'male','2013-04-11 21:20:15','2013-04-11 21:20:15'),(1863,'student88fd40',33,'female','2013-04-11 21:20:15','2013-04-11 21:20:15'),(1864,'student3a1fec',31,'female','2013-04-11 21:20:15','2013-04-11 21:20:15'),(1865,'student3198ff',65,'male','2013-04-11 21:20:15','2013-04-11 21:20:15'),(1866,'student249dc0',20,'female','2013-04-11 21:20:15','2013-04-11 21:20:15'),(1867,'studentc6a557',82,'female','2013-04-11 21:20:15','2013-04-11 21:20:15'),(1868,'student262300',20,'male','2013-04-11 21:20:15','2013-04-11 21:20:15'),(1869,'student7c9fdf',94,'female','2013-04-11 21:20:15','2013-04-11 21:20:15'),(1870,'student0bc8f1',93,'male','2013-04-11 21:20:15','2013-04-11 21:20:15'),(1871,'studentadca4e',33,'female','2013-04-11 21:20:15','2013-04-11 21:20:15'),(1872,'student14290b',43,'female','2013-04-11 21:20:16','2013-04-11 21:20:16'),(1873,'student6b7cf0',77,'female','2013-04-11 21:20:16','2013-04-11 21:20:16'),(1874,'studentb0cd5d',87,'female','2013-04-11 21:20:16','2013-04-11 21:20:16'),(1875,'student11875b',81,'female','2013-04-11 21:20:16','2013-04-11 21:20:16'),(1876,'studentff5168',72,'female','2013-04-11 21:20:16','2013-04-11 21:20:16'),(1877,'studenta0fa19',57,'male','2013-04-11 21:20:16','2013-04-11 21:20:16'),(1878,'studente87dd1',66,'female','2013-04-11 21:20:16','2013-04-11 21:20:16'),(1879,'student2e1832',27,'female','2013-04-11 21:20:16','2013-04-11 21:20:16'),(1880,'student24a7ec',47,'female','2013-04-11 21:20:16','2013-04-11 21:20:16'),(1881,'studentf74f39',63,'male','2013-04-11 21:20:16','2013-04-11 21:20:16'),(1882,'studentb3cc03',86,'female','2013-04-11 21:20:16','2013-04-11 21:20:16'),(1883,'student91a012',86,'male','2013-04-11 21:20:16','2013-04-11 21:20:16'),(1884,'student195166',31,'female','2013-04-11 21:20:16','2013-04-11 21:20:16'),(1885,'student16cd24',16,'male','2013-04-11 21:20:16','2013-04-11 21:20:16'),(1886,'student6a7536',38,'male','2013-04-11 21:20:16','2013-04-11 21:20:16'),(1887,'student240b36',60,'female','2013-04-11 21:20:16','2013-04-11 21:20:16'),(1888,'studentc798eb',10,'male','2013-04-11 21:20:16','2013-04-11 21:20:16'),(1889,'student41e522',92,'male','2013-04-11 21:20:16','2013-04-11 21:20:16'),(1890,'studentc50656',93,'male','2013-04-11 21:20:16','2013-04-11 21:20:16'),(1891,'student7360f1',16,'male','2013-04-11 21:20:16','2013-04-11 21:20:16'),(1892,'student650a30',53,'female','2013-04-11 21:20:16','2013-04-11 21:20:16'),(1893,'student151e76',39,'female','2013-04-11 21:20:16','2013-04-11 21:20:16'),(1894,'student02cfba',82,'female','2013-04-11 21:20:16','2013-04-11 21:20:16'),(1895,'student7f8317',7,'male','2013-04-11 21:20:17','2013-04-11 21:20:17'),(1896,'studente19c20',75,'male','2013-04-11 21:20:17','2013-04-11 21:20:17'),(1897,'student1955ec',56,'male','2013-04-11 21:20:17','2013-04-11 21:20:17'),(1898,'studentda2936',89,'female','2013-04-11 21:20:17','2013-04-11 21:20:17'),(1899,'student74ddc7',29,'female','2013-04-11 21:20:17','2013-04-11 21:20:17'),(1900,'student3159ad',85,'male','2013-04-11 21:20:17','2013-04-11 21:20:17'),(1901,'studente6f39c',95,'female','2013-04-11 21:20:17','2013-04-11 21:20:17'),(1902,'student6ba297',4,'male','2013-04-11 21:20:17','2013-04-11 21:20:17'),(1903,'studentf18df5',66,'male','2013-04-11 21:20:17','2013-04-11 21:20:17'),(1904,'studenta9f4bc',51,'female','2013-04-11 21:20:17','2013-04-11 21:20:17'),(1905,'studentd910fc',90,'female','2013-04-11 21:20:17','2013-04-11 21:20:17'),(1906,'student0f6097',60,'male','2013-04-11 21:20:17','2013-04-11 21:20:17'),(1907,'studentbb204c',72,'male','2013-04-11 21:20:17','2013-04-11 21:20:17'),(1908,'student7106b8',60,'male','2013-04-11 21:20:17','2013-04-11 21:20:17'),(1909,'studentc09995',83,'female','2013-04-11 21:20:17','2013-04-11 21:20:17'),(1910,'student6f98ba',26,'male','2013-04-11 21:20:17','2013-04-11 21:20:17'),(1911,'student248af0',11,'female','2013-04-11 21:20:17','2013-04-11 21:20:17'),(1912,'studentc0d655',8,'female','2013-04-11 21:20:17','2013-04-11 21:20:17'),(1913,'student9ef904',48,'female','2013-04-11 21:20:17','2013-04-11 21:20:17'),(1914,'studentcef879',68,'female','2013-04-11 21:20:17','2013-04-11 21:20:17'),(1915,'student961597',96,'male','2013-04-11 21:20:17','2013-04-11 21:20:17'),(1916,'studentbb77b8',45,'female','2013-04-11 21:20:17','2013-04-11 21:20:17'),(1917,'student267743',79,'male','2013-04-11 21:20:17','2013-04-11 21:20:17'),(1918,'student423ad3',63,'male','2013-04-11 21:20:17','2013-04-11 21:20:17'),(1919,'studentc11977',4,'female','2013-04-11 21:20:18','2013-04-11 21:20:18'),(1920,'student3e43f7',68,'male','2013-04-11 21:20:18','2013-04-11 21:20:18'),(1921,'student02217b',22,'male','2013-04-11 21:20:18','2013-04-11 21:20:18'),(1922,'student52e175',53,'female','2013-04-11 21:20:18','2013-04-11 21:20:18'),(1923,'student5d3673',65,'female','2013-04-11 21:20:18','2013-04-11 21:20:18'),(1924,'studenta1e297',71,'female','2013-04-11 21:20:18','2013-04-11 21:20:18'),(1925,'student8ad0fb',28,'male','2013-04-11 21:20:18','2013-04-11 21:20:18'),(1926,'studentf60f8a',77,'female','2013-04-11 21:20:18','2013-04-11 21:20:18'),(1927,'studentcd8373',31,'male','2013-04-11 21:20:18','2013-04-11 21:20:18'),(1928,'student83654f',65,'male','2013-04-11 21:20:18','2013-04-11 21:20:18'),(1929,'student2c4a81',37,'male','2013-04-11 21:20:18','2013-04-11 21:20:18'),(1930,'student326fac',36,'female','2013-04-11 21:20:18','2013-04-11 21:20:18'),(1931,'student7a3753',97,'female','2013-04-11 21:20:18','2013-04-11 21:20:18'),(1932,'student6faf17',94,'male','2013-04-11 21:20:18','2013-04-11 21:20:18'),(1933,'student952d76',48,'female','2013-04-11 21:20:18','2013-04-11 21:20:18'),(1934,'student02ae59',56,'male','2013-04-11 21:20:18','2013-04-11 21:20:18'),(1935,'student6cb096',54,'female','2013-04-11 21:20:18','2013-04-11 21:20:18'),(1936,'studentc3f941',42,'male','2013-04-11 21:20:19','2013-04-11 21:20:19'),(1937,'studentfdcace',80,'female','2013-04-11 21:20:19','2013-04-11 21:20:19'),(1938,'student7cee2c',95,'female','2013-04-11 21:20:19','2013-04-11 21:20:19'),(1939,'student880eed',47,'female','2013-04-11 21:20:19','2013-04-11 21:20:19'),(1940,'studentbcb43d',29,'male','2013-04-11 21:20:19','2013-04-11 21:20:19'),(1941,'student26fd4f',21,'female','2013-04-11 21:20:19','2013-04-11 21:20:19'),(1942,'student5c819a',57,'male','2013-04-11 21:20:19','2013-04-11 21:20:19'),(1943,'student2f81a2',52,'male','2013-04-11 21:20:19','2013-04-11 21:20:19'),(1944,'student813299',19,'male','2013-04-11 21:20:19','2013-04-11 21:20:19'),(1945,'student2b452b',11,'female','2013-04-11 21:20:19','2013-04-11 21:20:19'),(1946,'student60632c',56,'male','2013-04-11 21:20:19','2013-04-11 21:20:19'),(1947,'student4ee090',89,'male','2013-04-11 21:20:19','2013-04-11 21:20:19'),(1948,'student394c86',71,'male','2013-04-11 21:20:19','2013-04-11 21:20:19'),(1949,'studente78930',83,'male','2013-04-11 21:20:19','2013-04-11 21:20:19'),(1950,'studentf598cd',9,'male','2013-04-11 21:20:19','2013-04-11 21:20:19'),(1951,'student860a7a',37,'female','2013-04-11 21:20:19','2013-04-11 21:20:19'),(1952,'student5a5160',27,'male','2013-04-11 21:20:20','2013-04-11 21:20:20'),(1953,'studentef183d',83,'female','2013-04-11 21:20:20','2013-04-11 21:20:20'),(1954,'student5bb66d',32,'female','2013-04-11 21:20:20','2013-04-11 21:20:20'),(1955,'student0460dc',57,'female','2013-04-11 21:20:20','2013-04-11 21:20:20'),(1956,'student7fc7df',42,'female','2013-04-11 21:20:20','2013-04-11 21:20:20'),(1957,'student3e23a2',30,'male','2013-04-11 21:20:20','2013-04-11 21:20:20'),(1958,'studenta0b0ce',49,'male','2013-04-11 21:20:20','2013-04-11 21:20:20'),(1959,'studentcff052',11,'female','2013-04-11 21:20:20','2013-04-11 21:20:20'),(1960,'student02d1c7',33,'female','2013-04-11 21:20:20','2013-04-11 21:20:20'),(1961,'student47ded6',7,'male','2013-04-11 21:20:20','2013-04-11 21:20:20'),(1962,'student30cb59',3,'male','2013-04-11 21:20:20','2013-04-11 21:20:20'),(1963,'studentaa9def',80,'male','2013-04-11 21:20:20','2013-04-11 21:20:20'),(1964,'student5192b1',20,'female','2013-04-11 21:20:20','2013-04-11 21:20:20'),(1965,'studenta712c8',97,'female','2013-04-11 21:20:20','2013-04-11 21:20:20'),(1966,'student569793',99,'male','2013-04-11 21:20:20','2013-04-11 21:20:20'),(1967,'studentfb1b8a',81,'male','2013-04-11 21:20:20','2013-04-11 21:20:20'),(1968,'studentc6c58a',67,'male','2013-04-11 21:20:20','2013-04-11 21:20:20'),(1969,'student2ba8dc',62,'male','2013-04-11 21:20:20','2013-04-11 21:20:20'),(1970,'studente6268f',97,'female','2013-04-11 21:20:20','2013-04-11 21:20:20'),(1971,'student4d5ed5',11,'male','2013-04-11 21:20:20','2013-04-11 21:20:20'),(1972,'student347aa3',91,'male','2013-04-11 21:20:20','2013-04-11 21:20:20'),(1973,'studentffc471',73,'male','2013-04-11 21:20:20','2013-04-11 21:20:20'),(1974,'student2bd0e1',94,'female','2013-04-11 21:20:21','2013-04-11 21:20:21'),(1975,'studentaed156',41,'male','2013-04-11 21:20:21','2013-04-11 21:20:21'),(1976,'student2819a0',82,'female','2013-04-11 21:20:21','2013-04-11 21:20:21'),(1977,'studenteba633',7,'male','2013-04-11 21:20:21','2013-04-11 21:20:21'),(1978,'student224258',79,'male','2013-04-11 21:20:21','2013-04-11 21:20:21'),(1979,'student4cd088',59,'female','2013-04-11 21:20:21','2013-04-11 21:20:21'),(1980,'student0ae6a0',11,'female','2013-04-11 21:20:21','2013-04-11 21:20:21'),(1981,'studentc7bed1',0,'male','2013-04-11 21:20:21','2013-04-11 21:20:21'),(1982,'student4d2a78',3,'male','2013-04-11 21:20:21','2013-04-11 21:20:21'),(1983,'studentc3efb7',29,'male','2013-04-11 21:20:21','2013-04-11 21:20:21'),(1984,'student0599e4',33,'female','2013-04-11 21:20:21','2013-04-11 21:20:21'),(1985,'studentc1bcd7',60,'female','2013-04-11 21:20:21','2013-04-11 21:20:21'),(1986,'student618345',54,'female','2013-04-11 21:20:21','2013-04-11 21:20:21'),(1987,'studentfdb356',25,'female','2013-04-11 21:20:21','2013-04-11 21:20:21'),(1988,'student0e0a98',5,'female','2013-04-11 21:20:21','2013-04-11 21:20:21'),(1989,'student12d8b7',52,'male','2013-04-11 21:20:21','2013-04-11 21:20:21'),(1990,'student3a7748',26,'male','2013-04-11 21:20:21','2013-04-11 21:20:21'),(1991,'student6fc347',82,'female','2013-04-11 21:20:21','2013-04-11 21:20:21'),(1992,'student201e96',86,'female','2013-04-11 21:20:21','2013-04-11 21:20:21'),(1993,'studente76ce2',94,'female','2013-04-11 21:20:21','2013-04-11 21:20:21'),(1994,'student5ca38d',60,'female','2013-04-11 21:20:21','2013-04-11 21:20:21'),(1995,'student4378c2',39,'female','2013-04-11 21:20:21','2013-04-11 21:20:21'),(1996,'student798b7f',53,'male','2013-04-11 21:20:21','2013-04-11 21:20:21'),(1997,'studente47562',55,'male','2013-04-11 21:20:22','2013-04-11 21:20:22'),(1998,'studentae0418',38,'male','2013-04-11 21:20:22','2013-04-11 21:20:22'),(1999,'studentaf6198',59,'female','2013-04-11 21:20:22','2013-04-11 21:20:22'),(2000,'student829c68',56,'female','2013-04-11 21:20:22','2013-04-11 21:20:22'),(2001,'studente96844',68,'male','2013-04-11 21:20:22','2013-04-11 21:20:22'),(2002,'student88fe27',76,'female','2013-04-11 21:20:22','2013-04-11 21:20:22'),(2003,'studentbdfabd',46,'female','2013-04-11 21:20:22','2013-04-11 21:20:22'),(2004,'studenta946dd',98,'male','2013-04-11 21:20:22','2013-04-11 21:20:22'),(2005,'studentd9022c',0,'male','2013-04-11 21:20:22','2013-04-11 21:20:22'),(2006,'student257168',91,'female','2013-04-11 21:20:22','2013-04-11 21:20:22'),(2007,'student0735ef',74,'female','2013-04-11 21:20:22','2013-04-11 21:20:22'),(2008,'student888e48',31,'female','2013-04-11 21:20:22','2013-04-11 21:20:22'),(2009,'studente3c226',28,'male','2013-04-11 21:20:22','2013-04-11 21:20:22'),(2010,'student1bc43a',11,'female','2013-04-11 21:20:22','2013-04-11 21:20:22'),(2011,'studente43dd4',41,'female','2013-04-11 21:20:22','2013-04-11 21:20:22'),(2012,'student27a4f9',51,'female','2013-04-11 21:20:22','2013-04-11 21:20:22'),(2013,'student2b4f84',41,'female','2013-04-11 21:20:22','2013-04-11 21:20:22'),(2014,'student97b5e0',1,'female','2013-04-11 21:20:22','2013-04-11 21:20:22'),(2015,'studentba5752',72,'male','2013-04-11 21:20:22','2013-04-11 21:20:22'),(2016,'student485a29',36,'female','2013-04-11 21:20:22','2013-04-11 21:20:22'),(2017,'student819fa6',47,'male','2013-04-11 21:20:22','2013-04-11 21:20:22'),(2018,'studentb45997',88,'female','2013-04-11 21:20:22','2013-04-11 21:20:22'),(2019,'student2ac1b4',29,'female','2013-04-11 21:20:22','2013-04-11 21:20:22'),(2020,'student59b88a',70,'male','2013-04-11 21:20:22','2013-04-11 21:20:22'),(2021,'student6e6073',27,'female','2013-04-11 21:20:23','2013-04-11 21:20:23'),(2022,'studentb3df9d',97,'male','2013-04-11 21:20:23','2013-04-11 21:20:23'),(2023,'studentfd38e9',88,'male','2013-04-11 21:20:23','2013-04-11 21:20:23'),(2024,'studentb5b655',62,'female','2013-04-11 21:20:23','2013-04-11 21:20:23'),(2025,'student8c9cd9',13,'male','2013-04-11 21:20:23','2013-04-11 21:20:23'),(2026,'studentc6669c',15,'female','2013-04-11 21:20:23','2013-04-11 21:20:23'),(2027,'student33981a',17,'male','2013-04-11 21:20:23','2013-04-11 21:20:23'),(2028,'student41d51a',81,'female','2013-04-11 21:20:23','2013-04-11 21:20:23'),(2029,'student8bbfcb',43,'female','2013-04-11 21:20:23','2013-04-11 21:20:23'),(2030,'studentaa7563',48,'female','2013-04-11 21:20:23','2013-04-11 21:20:23'),(2031,'student25df1d',1,'female','2013-04-11 21:20:23','2013-04-11 21:20:23'),(2032,'student1f84a4',46,'female','2013-04-11 21:20:23','2013-04-11 21:20:23'),(2033,'student63e3ae',62,'female','2013-04-11 21:20:23','2013-04-11 21:20:23'),(2034,'student383c97',11,'male','2013-04-11 21:20:23','2013-04-11 21:20:23'),(2035,'studentb1891e',94,'female','2013-04-11 21:20:23','2013-04-11 21:20:23'),(2036,'student647f63',49,'female','2013-04-11 21:20:23','2013-04-11 21:20:23'),(2037,'studente2e7f9',33,'female','2013-04-11 21:20:23','2013-04-11 21:20:23'),(2038,'student429361',54,'male','2013-04-11 21:20:23','2013-04-11 21:20:23'),(2039,'student3dc0aa',65,'male','2013-04-11 21:20:23','2013-04-11 21:20:23'),(2040,'student1e1f8b',88,'female','2013-04-11 21:20:23','2013-04-11 21:20:23'),(2041,'student7cb841',21,'female','2013-04-11 21:20:23','2013-04-11 21:20:23'),(2042,'student6b9948',23,'male','2013-04-11 21:20:23','2013-04-11 21:20:23'),(2043,'studented19a1',10,'female','2013-04-11 21:20:23','2013-04-11 21:20:23'),(2044,'studentcee727',15,'female','2013-04-11 21:20:23','2013-04-11 21:20:23'),(2045,'studentf38f0a',42,'male','2013-04-11 21:20:23','2013-04-11 21:20:23'),(2046,'student9a9a95',6,'female','2013-04-11 21:20:23','2013-04-11 21:20:23'),(2047,'student8f99ce',13,'female','2013-04-11 21:20:24','2013-04-11 21:20:24'),(2048,'student52ed27',36,'male','2013-04-11 21:20:24','2013-04-11 21:20:24');
/*!40000 ALTER TABLE `students` ENABLE KEYS */;
UNLOCK TABLES;

--
-- Table structure for table `students_teams`
--

DROP TABLE IF EXISTS `students_teams`;
/*!40101 SET @saved_cs_client     = @@character_set_client */;
/*!40101 SET character_set_client = utf8 */;
CREATE TABLE `students_teams` (
  `student_id` int(11) DEFAULT NULL,
  `team_id` int(11) DEFAULT NULL
) ENGINE=InnoDB DEFAULT CHARSET=utf8 COLLATE=utf8_unicode_ci;
/*!40101 SET character_set_client = @saved_cs_client */;

--
-- Dumping data for table `students_teams`
--

LOCK TABLES `students_teams` WRITE;
/*!40000 ALTER TABLE `students_teams` DISABLE KEYS */;
INSERT INTO `students_teams` VALUES (1313,1),(900,1),(1206,1),(1510,2),(833,2),(213,2),(59,2),(901,2),(1842,2),(916,3),(1289,4),(326,4),(971,5),(467,5),(15,5),(1421,5),(858,5),(1221,5),(248,5),(1020,6),(708,6),(1932,6),(217,6),(615,6),(689,6),(1058,6),(775,6),(23,6),(536,6),(1478,7),(1257,7),(671,7),(174,7),(332,7),(320,7),(1351,7),(1177,7),(874,7),(542,7),(212,7),(475,8),(800,8),(970,8),(1581,8),(138,8),(2001,8),(1321,8),(2028,8),(661,8),(767,8),(1481,8),(1058,8),(1371,9),(233,10),(1415,10),(1965,10),(716,10),(130,10),(475,10),(1592,10),(222,10),(1178,10),(736,10),(280,10),(1010,10),(1760,10),(1745,12),(1179,12),(890,12),(1494,12),(703,12),(1740,12),(526,12),(733,12),(1378,12),(369,12),(560,12),(893,13),(2030,13),(153,13),(1970,13),(1306,13),(1483,13),(1175,13),(188,13),(298,13),(1885,13),(552,13),(705,14),(28,14),(38,14),(1658,14),(1199,14),(1713,14),(669,15),(16,15),(1778,15),(722,15),(626,15),(512,16),(1205,16),(280,16),(1690,16),(1622,16),(1787,17),(1126,17),(1282,17),(89,17),(619,17),(1803,18),(127,18),(1707,19),(34,19),(882,19),(234,19),(1865,19),(549,19),(264,19),(1331,19),(1477,19),(195,19),(361,19),(1657,19),(529,20),(1285,20),(1358,20),(1787,20),(683,20),(1482,20),(2041,20),(701,20),(1936,20),(1981,20),(1279,20),(1969,20),(63,21),(298,21),(1215,21),(1693,21),(1845,21),(1336,21),(145,21),(395,21),(925,23),(1739,23),(860,23),(1668,23),(873,23),(1003,23),(328,23),(379,23),(269,23),(589,23),(56,23),(1226,23),(1569,23),(200,23),(827,23),(187,24),(14,24),(1251,24),(1637,24),(1874,24),(1715,24),(334,24),(1455,24),(1594,24),(1576,24),(1121,24),(199,24),(829,25),(655,25),(1542,25),(998,25),(1593,25),(1651,25),(31,25),(1093,25),(7,25),(748,25),(451,25),(1225,25),(1259,26),(727,26),(1258,26),(1784,26),(521,26),(448,26),(697,27),(423,27),(1756,27),(2032,27),(2041,27),(2010,27),(676,27),(1255,27),(1588,28),(511,28),(1891,28),(102,28),(1690,28),(1713,28),(122,28),(1598,28),(1125,28),(871,28),(567,28),(1789,28),(1151,28),(605,29),(1849,30),(2028,30),(1856,31),(1751,31),(1764,31),(1438,31),(710,31),(1849,31),(1271,31),(816,31),(1322,33),(36,33),(225,33),(778,33),(1892,33),(832,33),(1742,33),(1067,33),(479,33),(585,33),(601,34),(132,34),(989,34),(1034,34),(1066,34),(213,34),(1682,34),(595,34),(1667,34),(1847,34),(1680,35),(1604,35),(80,35),(955,35),(34,36),(1282,36),(1278,36),(1452,36),(489,36),(397,36),(1205,36),(1004,36),(916,36),(1396,36),(62,38),(1378,38),(623,38),(995,38),(965,38),(1651,38),(1063,38),(2,38),(635,38),(555,39),(1042,39),(1964,39),(452,39),(763,40),(1380,40),(1765,40),(475,40),(1733,40),(1810,40),(44,40),(489,40),(1726,41),(1974,41),(693,41),(1653,41),(1403,41),(667,42),(1464,42),(478,42),(432,42),(1382,42),(743,42),(868,42),(1083,43),(562,43),(1116,44),(339,45),(26,45),(1131,45),(1533,45),(1288,45),(516,45),(400,45),(1750,45),(1775,45),(1793,46),(178,46),(518,46),(1892,46),(753,47),(1940,47),(989,47),(40,47),(217,47),(881,47),(496,47),(1929,47),(1473,47),(728,47),(543,47),(1168,47),(966,47),(1420,47),(764,47),(1113,48),(1786,48),(164,48),(72,48),(49,48),(1341,48),(1135,48),(1120,48),(201,49),(758,49),(1436,49),(51,49),(538,49),(1422,49),(774,49),(1240,49),(1173,49),(953,49),(733,50),(1665,50),(43,50),(450,50),(1162,51),(1728,51),(680,51),(982,51),(1185,51),(962,51),(1291,51),(1123,51),(967,51),(589,53),(906,53),(1975,53),(1427,53),(1460,54),(1558,54),(1453,54),(329,55),(1832,55),(175,55),(166,55),(130,55),(1222,55),(842,55),(1752,55),(1756,55),(593,55),(1438,55),(836,55),(875,55),(1559,55),(1478,57),(566,57),(797,57),(53,57),(1276,57),(1689,57),(976,57),(746,57),(353,57),(531,57),(1288,57),(881,57),(1948,57),(1476,57),(759,57),(1959,58),(339,58),(1740,58),(1376,58),(19,58),(1108,58),(1096,59),(584,59),(842,59),(1723,59),(1108,59),(139,59),(162,59),(1092,59),(1835,60),(1994,60),(634,60),(752,60),(1018,60),(157,60),(1503,60),(1815,60),(1233,60),(1784,60),(1036,60),(1387,60),(701,61),(1024,61),(2037,61),(700,61),(592,61),(1340,61),(1702,61),(1899,62),(1889,62),(1911,62),(1529,63),(1565,63),(1141,63),(1721,63),(786,63),(38,63),(415,63),(1288,63),(1895,63),(1564,63),(390,63),(307,63),(1835,63),(1426,65),(1846,65),(1329,65),(920,65),(426,65),(1540,65),(648,65),(971,65),(349,65),(145,65),(55,65),(1199,65),(1515,65),(1526,66),(1635,67),(1532,67),(907,67),(1503,67),(764,68),(1592,68),(1032,68),(1,68),(338,68),(1250,68),(1088,68),(1409,68),(436,68),(1695,68),(431,68),(372,68),(235,68),(1767,68),(1416,68),(495,69),(1847,69),(848,69),(1281,69),(508,69),(1632,69),(596,69),(727,69),(709,69),(107,69),(93,69),(45,69),(783,69),(371,69),(1968,69),(1049,70),(1928,70),(1864,70),(519,70),(998,70),(1090,70),(43,70),(1333,70),(1567,70),(244,70),(506,70),(1823,70),(1343,71),(1827,71),(1385,71),(1031,71),(843,71),(1611,71),(414,71),(1129,71),(270,72),(1772,72),(750,73),(1584,73),(266,73),(1115,74),(1165,74),(1851,74),(84,75),(1425,76),(1307,76),(432,76),(56,76),(1240,76),(1630,76),(1147,76),(1302,76),(1535,76),(1861,76),(848,77),(594,77),(1714,77),(1532,77),(1652,78),(1912,78),(1020,78),(792,78),(1789,78),(1539,78),(1715,78),(1231,78),(606,78),(407,78),(1649,78),(1030,78),(1402,78),(1519,78),(1380,78),(1430,79),(47,79),(867,79),(927,79),(217,79),(1025,79),(2047,79),(1088,79),(1620,80),(1432,81),(692,81),(185,81),(1944,81),(1347,81),(271,81),(1831,81),(192,81),(523,81),(1643,81),(1948,81),(1815,81),(910,81),(192,81),(971,82),(185,82),(916,82),(817,82),(670,82),(920,82),(1171,82),(1159,82),(1274,82),(1224,82),(588,83),(1958,83),(1391,83),(1638,83),(1436,83),(957,83),(843,83),(843,84),(1676,84),(1162,84),(473,84),(112,84),(306,84),(1702,85),(1671,85),(386,85),(1209,85),(363,85),(1633,85),(779,85),(1063,85),(1414,85),(1344,86),(1154,86),(850,86),(1749,86),(330,86),(852,86),(84,86),(1666,86),(1750,86),(825,86),(1048,86),(220,86),(1077,86),(635,87),(1803,87),(1016,87),(1845,87),(1164,87),(1382,87),(687,87),(1240,88),(1922,88),(105,89),(112,89),(8,89),(285,89),(1200,89),(596,89),(1135,89),(894,89),(1647,89),(686,89),(28,89),(1554,89),(95,89),(1173,89),(999,90),(892,90),(1036,90),(398,90),(494,90),(1130,90),(1698,90),(1930,90),(1147,90),(258,90),(1765,91),(1566,91),(1798,91),(639,91),(2024,91),(886,91),(110,91),(676,91),(1834,91),(436,91),(1578,92),(1804,92),(757,92),(1770,92),(752,92),(1874,92),(227,93),(15,93),(430,93),(268,93),(789,93),(462,94),(1344,94),(1202,94),(1661,94),(1082,94),(1603,94),(2009,94),(806,94),(422,94),(874,94),(1130,94),(1776,94),(1350,94),(243,94),(795,94),(484,95),(991,97),(1892,97),(1121,97),(278,97),(1800,97),(302,97),(1988,97),(858,97),(414,98),(745,98),(68,98),(1658,99),(267,99),(754,99),(323,99),(192,99),(1098,99),(1522,99),(2016,99),(1244,99),(1223,99),(928,99),(583,99),(71,99),(79,100),(25,100),(1355,100),(842,100),(508,100),(1998,100),(156,100),(367,101),(57,101),(79,101),(271,101),(839,102),(791,102),(987,103),(1087,103),(1857,103),(144,103),(660,103),(751,103),(465,103),(1463,103),(592,103),(647,103),(1760,104),(438,104),(1276,104),(573,104),(35,104),(1690,104),(973,104),(659,105),(1205,105),(742,105),(794,105),(1849,105),(60,105),(1093,105),(380,105),(306,105),(1320,105),(1059,106),(1310,106),(382,106),(649,106),(926,107),(645,108),(1092,108),(1134,108),(86,109),(394,109),(1478,109),(1856,109),(799,109),(1140,109),(533,109),(541,110),(1384,110),(1629,110),(858,110),(344,110),(522,110),(210,110),(1751,110),(107,111),(536,111),(742,111),(84,111),(3,111),(1559,111),(2002,111),(399,111),(968,111),(1669,111),(744,112),(1203,112),(346,112),(610,112),(1791,112),(907,112),(313,113),(788,113),(512,113),(1699,113),(456,113),(1119,113),(1577,113),(1673,113),(1110,113),(1741,113),(619,113),(1757,113),(1867,113),(1130,114),(2032,114),(716,114),(664,114),(827,115),(971,115),(1693,115),(1843,115),(108,115),(273,116),(2035,116),(244,116),(1753,117),(1955,117),(1318,117),(1109,117),(1353,117),(1086,117),(413,117),(33,117),(1822,117),(1792,118),(1504,118),(462,118),(1573,119),(1183,119),(1631,119),(104,119),(1449,119),(1643,119),(366,119),(260,119),(1981,119),(560,119),(546,119),(917,119),(1697,121),(1223,121),(556,121),(1917,121),(204,121),(873,121),(69,121),(325,121),(279,121),(1697,121),(442,121),(594,121),(1845,121),(1455,121),(1568,122),(595,122),(1275,122),(1279,123),(68,123),(612,123),(143,123),(1403,123),(612,123),(538,124),(1076,124),(227,124),(765,124),(1996,125),(92,125),(91,125),(1931,125),(1361,125),(327,125),(103,125),(17,125),(22,125),(1184,126),(1572,126),(1001,126),(1319,126),(1583,126),(1518,126),(1482,126),(1391,126),(1322,126),(1666,126),(1858,126),(563,126),(1117,126),(125,126),(1794,126),(398,127),(1851,127),(891,127),(1318,127),(480,127),(1849,127),(1099,127),(2009,127),(671,127),(1556,127),(754,127),(2028,127),(1263,127),(1278,127),(118,128),(295,128),(1651,128),(1916,128),(56,128),(706,128),(89,128),(1253,128),(1020,128);
/*!40000 ALTER TABLE `students_teams` ENABLE KEYS */;
UNLOCK TABLES;

--
-- Table structure for table `teams`
--

DROP TABLE IF EXISTS `teams`;
/*!40101 SET @saved_cs_client     = @@character_set_client */;
/*!40101 SET character_set_client = utf8 */;
CREATE TABLE `teams` (
  `id` int(11) NOT NULL AUTO_INCREMENT,
  `name` varchar(255) COLLATE utf8_unicode_ci DEFAULT NULL,
  `payed` tinyint(1) DEFAULT NULL,
  `years_experience` int(11) DEFAULT NULL,
  `created_at` datetime NOT NULL,
  `updated_at` datetime NOT NULL,
  PRIMARY KEY (`id`)
) ENGINE=InnoDB AUTO_INCREMENT=129 DEFAULT CHARSET=utf8 COLLATE=utf8_unicode_ci;
/*!40101 SET character_set_client = @saved_cs_client */;

--
-- Dumping data for table `teams`
--

LOCK TABLES `teams` WRITE;
/*!40000 ALTER TABLE `teams` DISABLE KEYS */;
INSERT INTO `teams` VALUES (1,'teamb808f9',0,1,'2013-04-11 21:20:24','2013-04-11 21:20:24'),(2,'team25640e',0,5,'2013-04-11 21:20:24','2013-04-11 21:20:24'),(3,'team001037',1,5,'2013-04-11 21:20:24','2013-04-11 21:20:24'),(4,'team0eeaec',0,3,'2013-04-11 21:20:24','2013-04-11 21:20:24'),(5,'team7d2522',1,2,'2013-04-11 21:20:24','2013-04-11 21:20:24'),(6,'teamf9bdcb',1,2,'2013-04-11 21:20:24','2013-04-11 21:20:24'),(7,'team0868a5',1,3,'2013-04-11 21:20:24','2013-04-11 21:20:24'),(8,'team0a8ccc',1,4,'2013-04-11 21:20:24','2013-04-11 21:20:24'),(9,'team62a0bc',1,4,'2013-04-11 21:20:24','2013-04-11 21:20:24'),(10,'team3f190d',0,5,'2013-04-11 21:20:24','2013-04-11 21:20:24'),(11,'teamf2fb20',1,5,'2013-04-11 21:20:24','2013-04-11 21:20:24'),(12,'teame9e688',0,0,'2013-04-11 21:20:24','2013-04-11 21:20:24'),(13,'team1b4f54',0,1,'2013-04-11 21:20:24','2013-04-11 21:20:24'),(14,'teamfd138b',1,2,'2013-04-11 21:20:24','2013-04-11 21:20:24'),(15,'teamb80ce7',0,5,'2013-04-11 21:20:24','2013-04-11 21:20:24'),(16,'team14eaf0',0,5,'2013-04-11 21:20:24','2013-04-11 21:20:24'),(17,'teamd338f4',0,2,'2013-04-11 21:20:24','2013-04-11 21:20:24'),(18,'team31a791',0,5,'2013-04-11 21:20:24','2013-04-11 21:20:24'),(19,'team3258f3',1,0,'2013-04-11 21:20:24','2013-04-11 21:20:24'),(20,'teamcb50c9',0,4,'2013-04-11 21:20:24','2013-04-11 21:20:24'),(21,'teamdae95b',0,1,'2013-04-11 21:20:24','2013-04-11 21:20:24'),(22,'teame4cf00',1,5,'2013-04-11 21:20:24','2013-04-11 21:20:24'),(23,'teamd44cc7',1,6,'2013-04-11 21:20:25','2013-04-11 21:20:25'),(24,'teamffcea9',0,1,'2013-04-11 21:20:25','2013-04-11 21:20:25'),(25,'teamb426f5',1,6,'2013-04-11 21:20:25','2013-04-11 21:20:25'),(26,'team3a0d98',0,2,'2013-04-11 21:20:25','2013-04-11 21:20:25'),(27,'team24903a',1,4,'2013-04-11 21:20:25','2013-04-11 21:20:25'),(28,'team90103f',0,3,'2013-04-11 21:20:25','2013-04-11 21:20:25'),(29,'team5a6430',0,1,'2013-04-11 21:20:25','2013-04-11 21:20:25'),(30,'team5e63be',1,3,'2013-04-11 21:20:25','2013-04-11 21:20:25'),(31,'teamf4cd12',1,1,'2013-04-11 21:20:25','2013-04-11 21:20:25'),(32,'team6abcd1',0,6,'2013-04-11 21:20:25','2013-04-11 21:20:25'),(33,'teameae24c',1,4,'2013-04-11 21:20:25','2013-04-11 21:20:25'),(34,'team06e661',0,4,'2013-04-11 21:20:25','2013-04-11 21:20:25'),(35,'teamc5468c',0,0,'2013-04-11 21:20:25','2013-04-11 21:20:25'),(36,'team4e77f0',1,0,'2013-04-11 21:20:25','2013-04-11 21:20:25'),(37,'teamb5b42a',0,5,'2013-04-11 21:20:25','2013-04-11 21:20:25'),(38,'teameea957',1,2,'2013-04-11 21:20:25','2013-04-11 21:20:25'),(39,'team5b3e48',0,5,'2013-04-11 21:20:25','2013-04-11 21:20:25'),(40,'team411984',1,4,'2013-04-11 21:20:26','2013-04-11 21:20:26'),(41,'teamb98198',0,2,'2013-04-11 21:20:26','2013-04-11 21:20:26'),(42,'teama152e1',0,4,'2013-04-11 21:20:26','2013-04-11 21:20:26'),(43,'team5d9a1e',0,2,'2013-04-11 21:20:26','2013-04-11 21:20:26'),(44,'team235be0',0,3,'2013-04-11 21:20:26','2013-04-11 21:20:26'),(45,'teamdb3195',1,1,'2013-04-11 21:20:26','2013-04-11 21:20:26'),(46,'team26857b',0,3,'2013-04-11 21:20:26','2013-04-11 21:20:26'),(47,'teamd3a52f',0,5,'2013-04-11 21:20:26','2013-04-11 21:20:26'),(48,'team9c031f',1,4,'2013-04-11 21:20:26','2013-04-11 21:20:26'),(49,'team21c85d',0,1,'2013-04-11 21:20:26','2013-04-11 21:20:26'),(50,'team35bcff',1,2,'2013-04-11 21:20:26','2013-04-11 21:20:26'),(51,'team2a540f',1,2,'2013-04-11 21:20:26','2013-04-11 21:20:26'),(52,'teamfc9d75',0,4,'2013-04-11 21:20:26','2013-04-11 21:20:26'),(53,'team9cae18',1,2,'2013-04-11 21:20:26','2013-04-11 21:20:26'),(54,'team6c6c03',1,0,'2013-04-11 21:20:27','2013-04-11 21:20:27'),(55,'team66b441',1,6,'2013-04-11 21:20:27','2013-04-11 21:20:27'),(56,'teame7cdf0',1,3,'2013-04-11 21:20:27','2013-04-11 21:20:27'),(57,'team1bb6ae',0,4,'2013-04-11 21:20:27','2013-04-11 21:20:27'),(58,'teamed364c',1,0,'2013-04-11 21:20:27','2013-04-11 21:20:27'),(59,'teamf97a5f',1,6,'2013-04-11 21:20:27','2013-04-11 21:20:27'),(60,'team67f84b',0,3,'2013-04-11 21:20:27','2013-04-11 21:20:27'),(61,'team8bf305',1,4,'2013-04-11 21:20:27','2013-04-11 21:20:27'),(62,'teamea8175',0,4,'2013-04-11 21:20:27','2013-04-11 21:20:27'),(63,'team222e57',0,1,'2013-04-11 21:20:27','2013-04-11 21:20:27'),(64,'team690b74',1,1,'2013-04-11 21:20:27','2013-04-11 21:20:27'),(65,'teamdd3df6',1,4,'2013-04-11 21:20:27','2013-04-11 21:20:27'),(66,'team8a65da',1,6,'2013-04-11 21:20:27','2013-04-11 21:20:27'),(67,'team50db36',1,4,'2013-04-11 21:20:27','2013-04-11 21:20:27'),(68,'teamc0b14f',1,4,'2013-04-11 21:20:27','2013-04-11 21:20:27'),(69,'teama5df68',0,0,'2013-04-11 21:20:27','2013-04-11 21:20:27'),(70,'teamcd04f5',1,5,'2013-04-11 21:20:27','2013-04-11 21:20:27'),(71,'teamc5ff0f',1,1,'2013-04-11 21:20:27','2013-04-11 21:20:27'),(72,'teamb3b1da',0,3,'2013-04-11 21:20:27','2013-04-11 21:20:27'),(73,'team3226df',0,6,'2013-04-11 21:20:27','2013-04-11 21:20:27'),(74,'team244669',0,6,'2013-04-11 21:20:27','2013-04-11 21:20:27'),(75,'teamd652da',0,6,'2013-04-11 21:20:28','2013-04-11 21:20:28'),(76,'teambf7fd5',0,1,'2013-04-11 21:20:28','2013-04-11 21:20:28'),(77,'team81fb76',0,0,'2013-04-11 21:20:28','2013-04-11 21:20:28'),(78,'team151002',1,3,'2013-04-11 21:20:28','2013-04-11 21:20:28'),(79,'team3bafa2',0,5,'2013-04-11 21:20:28','2013-04-11 21:20:28'),(80,'teamecc56c',0,6,'2013-04-11 21:20:28','2013-04-11 21:20:28'),(81,'teamd898e5',0,4,'2013-04-11 21:20:28','2013-04-11 21:20:28'),(82,'teamdca4e5',1,1,'2013-04-11 21:20:28','2013-04-11 21:20:28'),(83,'teamacda60',0,0,'2013-04-11 21:20:28','2013-04-11 21:20:28'),(84,'team745587',0,5,'2013-04-11 21:20:28','2013-04-11 21:20:28'),(85,'team841b04',0,6,'2013-04-11 21:20:28','2013-04-11 21:20:28'),(86,'team19a292',0,3,'2013-04-11 21:20:28','2013-04-11 21:20:28'),(87,'team71e235',0,2,'2013-04-11 21:20:28','2013-04-11 21:20:28'),(88,'teamda02ee',0,4,'2013-04-11 21:20:28','2013-04-11 21:20:28'),(89,'team9ebed5',1,5,'2013-04-11 21:20:28','2013-04-11 21:20:28'),(90,'team4e1f8a',0,4,'2013-04-11 21:20:28','2013-04-11 21:20:28'),(91,'team83f9f8',1,1,'2013-04-11 21:20:28','2013-04-11 21:20:28'),(92,'teambae432',1,2,'2013-04-11 21:20:28','2013-04-11 21:20:28'),(93,'team8c8b80',1,5,'2013-04-11 21:20:28','2013-04-11 21:20:28'),(94,'team1a9548',0,3,'2013-04-11 21:20:28','2013-04-11 21:20:28'),(95,'team6f6512',0,6,'2013-04-11 21:20:28','2013-04-11 21:20:28'),(96,'team36b220',1,6,'2013-04-11 21:20:28','2013-04-11 21:20:28'),(97,'teamf1170d',1,4,'2013-04-11 21:20:28','2013-04-11 21:20:28'),(98,'teame5b9af',1,4,'2013-04-11 21:20:29','2013-04-11 21:20:29'),(99,'teama1934d',1,6,'2013-04-11 21:20:29','2013-04-11 21:20:29'),(100,'team0f5b25',1,2,'2013-04-11 21:20:29','2013-04-11 21:20:29'),(101,'team58b242',1,5,'2013-04-11 21:20:29','2013-04-11 21:20:29'),(102,'team2022c5',0,1,'2013-04-11 21:20:29','2013-04-11 21:20:29'),(103,'team46e4b9',1,5,'2013-04-11 21:20:29','2013-04-11 21:20:29'),(104,'team0d427b',1,2,'2013-04-11 21:20:29','2013-04-11 21:20:29'),(105,'team30485b',1,1,'2013-04-11 21:20:29','2013-04-11 21:20:29'),(106,'teamfbe48b',0,6,'2013-04-11 21:20:29','2013-04-11 21:20:29'),(107,'teamfb12cd',1,0,'2013-04-11 21:20:29','2013-04-11 21:20:29'),(108,'team41c8d8',0,1,'2013-04-11 21:20:29','2013-04-11 21:20:29'),(109,'team3b4d79',1,0,'2013-04-11 21:20:29','2013-04-11 21:20:29'),(110,'team3ddd82',0,5,'2013-04-11 21:20:29','2013-04-11 21:20:29'),(111,'team5a68a1',1,1,'2013-04-11 21:20:30','2013-04-11 21:20:30'),(112,'team12092a',1,3,'2013-04-11 21:20:30','2013-04-11 21:20:30'),(113,'team1177f8',1,0,'2013-04-11 21:20:30','2013-04-11 21:20:30'),(114,'teamc10628',1,5,'2013-04-11 21:20:30','2013-04-11 21:20:30'),(115,'team773c72',0,6,'2013-04-11 21:20:30','2013-04-11 21:20:30'),(116,'team467a77',0,4,'2013-04-11 21:20:30','2013-04-11 21:20:30'),(117,'team527638',1,6,'2013-04-11 21:20:30','2013-04-11 21:20:30'),(118,'teamdf2f58',0,4,'2013-04-11 21:20:30','2013-04-11 21:20:30'),(119,'team6255c5',0,1,'2013-04-11 21:20:30','2013-04-11 21:20:30'),(120,'team072b4c',0,2,'2013-04-11 21:20:30','2013-04-11 21:20:30'),(121,'team0d57ca',1,3,'2013-04-11 21:20:30','2013-04-11 21:20:30'),(122,'teamda67e2',0,1,'2013-04-11 21:20:30','2013-04-11 21:20:30'),(123,'teamc41844',0,5,'2013-04-11 21:20:30','2013-04-11 21:20:30'),(124,'team05184b',1,3,'2013-04-11 21:20:30','2013-04-11 21:20:30'),(125,'teamcda8f6',0,0,'2013-04-11 21:20:30','2013-04-11 21:20:30'),(126,'team2ad0c7',0,0,'2013-04-11 21:20:30','2013-04-11 21:20:30'),(127,'teamd7bc58',0,2,'2013-04-11 21:20:30','2013-04-11 21:20:30'),(128,'teamaed5ba',0,0,'2013-04-11 21:20:30','2013-04-11 21:20:30');
/*!40000 ALTER TABLE `teams` ENABLE KEYS */;
UNLOCK TABLES;
/*!40103 SET TIME_ZONE=@OLD_TIME_ZONE */;

/*!40101 SET SQL_MODE=@OLD_SQL_MODE */;
/*!40014 SET FOREIGN_KEY_CHECKS=@OLD_FOREIGN_KEY_CHECKS */;
/*!40014 SET UNIQUE_CHECKS=@OLD_UNIQUE_CHECKS */;
/*!40101 SET CHARACTER_SET_CLIENT=@OLD_CHARACTER_SET_CLIENT */;
/*!40101 SET CHARACTER_SET_RESULTS=@OLD_CHARACTER_SET_RESULTS */;
/*!40101 SET COLLATION_CONNECTION=@OLD_COLLATION_CONNECTION */;
/*!40111 SET SQL_NOTES=@OLD_SQL_NOTES */;

-- Dump completed on 2013-04-12  0:24:14
